,product_type,air_temperature_k,process_temperature_k,rotational_speed_rpm,torque_nm,tool_wear_min,machine_failure,tool_wear_failure,power_failure,overstrain_failure,machine_operating_process_k,machanical_power
0,H,298.4,308.9,1782.0,23.9,24,0,0,0,0,10.5,42589.799999999996
1,H,298.6,309.1,1423.0,44.3,29,0,0,0,0,10.5,63038.899999999994
2,H,298.8,309.2,1306.0,54.5,50,0,0,0,0,10.399999999999977,71177.0
3,H,298.9,309.3,1375.0,42.7,58,0,0,0,0,10.400000000000034,58712.50000000001
4,H,299.1,309.4,1811.0,24.6,77,0,0,0,0,10.299999999999955,44550.600000000006
5,H,298.9,309.2,1379.0,50.7,106,0,0,0,0,10.300000000000011,69915.3
6,H,298.8,309.2,1372.0,48.5,120,0,0,0,0,10.399999999999977,66542.0
7,H,298.8,309.2,1425.0,53.9,135,0,0,0,0,10.399999999999977,76807.5
8,H,298.8,309.0,1497.0,43.8,147,0,0,0,0,10.199999999999989,65568.59999999999
9,H,298.8,308.9,1466.0,44.1,184,0,0,0,0,10.099999999999966,64650.6
10,H,298.8,308.8,1445.0,49.9,4,0,0,0,0,10.0,72105.5
11,H,299.0,309.0,1436.0,43.9,20,0,0,0,0,10.0,63040.4
12,H,298.9,308.8,1621.0,32.7,75,0,0,0,0,9.900000000000034,53006.700000000004
13,H,298.7,308.6,1499.0,43.5,84,0,0,0,0,9.900000000000034,65206.5
14,H,298.7,308.5,1420.0,45.7,143,0,0,0,0,9.800000000000011,64894.00000000001
15,H,298.8,308.6,1449.0,49.4,150,0,0,0,0,9.800000000000011,71580.59999999999
16,H,298.6,308.4,1407.0,50.5,164,0,0,0,0,9.799999999999955,71053.5
17,H,298.5,308.4,1612.0,36.1,174,0,0,0,0,9.899999999999977,58193.200000000004
18,H,298.4,308.2,1987.0,19.8,198,0,0,0,0,9.800000000000011,39342.6
19,H,298.4,308.2,1478.0,43.5,206,0,0,0,0,9.800000000000011,64293.0
20,H,298.4,308.2,1612.0,32.6,10,0,0,0,0,9.800000000000011,52551.200000000004
21,H,298.4,308.3,1458.0,42.9,15,0,0,0,0,9.900000000000034,62548.2
22,H,298.2,308.3,1824.0,24.2,49,0,0,0,0,10.100000000000023,44140.799999999996
23,H,298.2,308.4,1398.0,51.8,76,0,0,0,0,10.199999999999989,72416.4
24,H,298.2,308.4,1678.0,34.6,81,0,0,0,0,10.199999999999989,58058.8
25,H,298.3,308.6,1432.0,49.5,91,0,0,0,0,10.300000000000011,70884.0
26,H,298.4,308.7,1344.0,52.9,130,0,0,0,0,10.300000000000011,71097.59999999999
27,H,298.4,308.5,1827.0,24.3,153,0,0,0,0,10.100000000000023,44396.1
28,H,298.0,308.1,1440.0,43.7,37,0,0,0,0,10.100000000000023,62928.00000000001
29,H,297.9,308.0,1800.0,24.8,44,0,0,0,0,10.100000000000023,44640.0
30,H,298.0,308.0,1520.0,39.6,51,0,0,0,0,10.0,60192.0
31,H,298.0,308.0,1479.0,50.7,70,0,0,0,0,10.0,74985.3
32,H,298.2,308.4,1385.0,42.2,98,0,0,0,0,10.199999999999989,58447.00000000001
33,H,298.1,308.5,1392.0,44.8,111,0,0,0,0,10.399999999999977,62361.6
34,H,297.9,308.5,2129.0,18.7,126,0,0,0,0,10.600000000000023,39812.299999999996
35,H,297.8,308.4,1512.0,35.1,138,0,0,0,0,10.599999999999966,53071.200000000004
36,H,298.0,308.6,1526.0,41.8,160,0,0,0,0,10.600000000000023,63786.799999999996
37,H,297.8,308.4,1550.0,38.2,185,0,0,0,0,10.599999999999966,59210.00000000001
38,H,297.6,308.4,1703.0,31.4,205,0,0,0,0,10.799999999999955,53474.2
39,H,297.7,308.5,1720.0,29.9,210,0,0,0,0,10.800000000000011,51428.0
40,H,297.6,308.3,1400.0,44.3,43,0,0,0,0,10.699999999999989,62019.99999999999
41,H,297.5,308.3,1674.0,30.0,54,0,0,0,0,10.800000000000011,50220.0
42,H,297.6,308.3,1640.0,30.9,79,0,0,0,0,10.699999999999989,50676.0
43,H,297.5,308.4,1587.0,36.1,98,0,0,0,0,10.899999999999977,57290.700000000004
44,H,297.4,308.3,1502.0,43.6,169,0,0,0,0,10.900000000000034,65487.200000000004
45,H,297.5,308.5,1393.0,46.6,56,0,0,0,0,11.0,64913.8
46,H,297.4,308.5,1469.0,45.1,63,0,0,0,0,11.100000000000023,66251.90000000001
47,H,297.5,308.6,1440.0,46.1,84,0,0,0,0,11.100000000000023,66384.0
48,H,297.3,308.7,1478.0,47.6,98,0,0,0,0,11.399999999999977,70352.8
49,H,297.3,308.6,1431.0,42.0,109,0,0,0,0,11.300000000000011,60102.0
50,H,297.3,308.8,1499.0,44.2,134,0,0,0,0,11.5,66255.8
51,H,297.3,308.8,1419.0,42.4,139,0,0,0,0,11.5,60165.6
52,H,297.4,309.0,1468.0,41.4,156,0,0,0,0,11.600000000000023,60775.2
53,H,297.5,309.3,1459.0,49.7,201,0,0,0,0,11.800000000000011,72512.3
54,H,297.8,309.4,1445.0,48.2,10,0,0,0,0,11.599999999999966,69649.0
55,H,297.4,309.3,1365.0,52.4,76,0,0,0,0,11.900000000000034,71526.0
57,H,297.5,309.3,1563.0,36.1,100,0,0,0,0,11.800000000000011,56424.3
58,H,297.5,309.4,1368.0,45.3,129,0,0,0,0,11.899999999999977,61970.399999999994
59,H,297.6,309.6,1669.0,32.1,155,0,0,0,0,12.0,53574.9
60,H,297.7,309.7,1570.0,35.8,160,0,0,0,0,12.0,56205.99999999999
61,H,297.7,309.7,1440.0,51.1,191,0,0,0,0,12.0,73584.0
62,H,297.7,309.6,1697.0,32.2,210,0,0,0,0,11.900000000000034,54643.4
63,H,297.6,309.6,1419.0,48.2,215,0,0,0,0,12.0,68395.8
64,H,297.6,309.5,1623.0,33.1,224,0,0,0,0,11.899999999999977,53721.3
65,H,297.5,309.3,1525.0,41.7,235,0,0,0,0,11.800000000000011,63592.50000000001
66,H,297.5,309.5,1668.0,27.9,240,0,0,0,0,12.0,46537.2
67,H,297.6,309.6,1278.0,50.4,2,0,0,0,0,12.0,64411.2
68,H,297.6,309.6,1428.0,46.6,13,0,0,0,0,12.0,66544.8
69,H,297.7,309.7,1616.0,31.1,20,0,0,0,0,12.0,50257.600000000006
70,H,298.1,309.9,1686.0,29.1,60,0,0,0,0,11.799999999999955,49062.600000000006
71,H,298.2,310.0,1433.0,44.2,68,0,0,0,0,11.800000000000011,63338.600000000006
72,H,298.3,310.1,1509.0,37.6,85,0,0,0,0,11.800000000000011,56738.4
73,H,298.3,310.0,1419.0,47.1,105,0,0,0,0,11.699999999999989,66834.90000000001
74,H,297.7,309.4,1608.0,30.2,135,0,0,0,0,11.699999999999989,48561.6
75,H,297.7,309.3,1400.0,48.9,147,0,0,0,0,11.600000000000023,68460.0
76,H,297.5,308.9,1471.0,37.7,197,0,0,0,0,11.399999999999977,55456.700000000004
77,H,297.9,309.2,1577.0,34.7,5,0,0,0,0,11.300000000000011,54721.9
78,H,297.8,309.0,1410.0,48.8,23,0,0,0,0,11.199999999999989,68808.0
79,H,297.6,309.0,1735.0,26.4,41,0,0,0,0,11.399999999999977,45804.0
80,H,297.6,309.0,1354.0,55.6,46,0,0,0,0,11.399999999999977,75282.40000000001
81,H,297.6,309.0,1413.0,40.2,51,0,0,0,0,11.399999999999977,56802.600000000006
83,H,297.7,308.9,1479.0,40.9,87,0,0,0,0,11.199999999999989,60491.1
84,H,297.4,308.6,1420.0,45.8,120,0,0,0,0,11.200000000000045,65035.99999999999
85,H,297.3,308.6,1499.0,37.6,147,0,0,0,0,11.300000000000011,56362.4
86,H,297.0,308.4,1305.0,54.6,168,0,0,0,0,11.399999999999977,71253.0
88,H,296.7,308.1,1528.0,46.3,203,0,0,0,0,11.400000000000034,70746.4
89,H,296.8,308.1,1492.0,43.7,222,0,0,0,0,11.300000000000011,65200.4
90,H,296.8,308.0,1311.0,58.6,19,0,0,0,0,11.199999999999989,76824.6
91,H,296.8,308.0,1453.0,51.0,24,0,0,0,0,11.199999999999989,74103.0
92,H,296.7,307.9,1579.0,33.4,50,0,0,0,0,11.199999999999989,52738.6
93,H,296.9,307.9,1547.0,32.6,79,0,0,0,0,11.0,50432.200000000004
94,H,296.9,307.8,1549.0,37.8,104,0,0,0,0,10.900000000000034,58552.2
95,H,296.6,307.4,1333.0,50.2,177,0,0,0,0,10.799999999999955,66916.6
96,H,296.6,307.4,1406.0,41.5,189,0,0,0,0,10.799999999999955,58349.0
97,H,296.4,307.4,1586.0,35.5,0,0,0,0,0,11.0,56303.0
98,H,296.2,307.0,1542.0,40.6,28,0,0,0,0,10.800000000000011,62605.200000000004
99,H,296.1,306.9,1541.0,32.6,33,0,0,0,0,10.799999999999955,50236.600000000006
100,H,296.1,306.8,1645.0,31.0,41,0,0,0,0,10.699999999999989,50995.0
101,H,295.9,306.5,1594.0,33.2,55,0,0,0,0,10.600000000000023,52920.8
102,H,295.7,306.2,2161.0,16.5,105,0,0,0,0,10.5,35656.5
103,H,295.6,306.2,1329.0,55.3,135,0,0,0,0,10.599999999999966,73493.7
104,H,295.6,306.1,1256.0,62.3,142,0,0,0,0,10.5,78248.8
105,H,295.7,306.2,1458.0,49.8,151,0,0,0,0,10.5,72608.4
106,H,295.5,,1593.0,37.2,197,0,0,0,0,,59259.600000000006
107,H,295.6,306.1,1623.0,30.9,210,0,0,0,0,10.5,50150.7
108,H,295.6,306.0,1396.0,52.4,0,0,0,0,0,10.399999999999977,73150.4
109,H,295.6,306.3,1509.0,35.8,60,0,0,0,0,10.699999999999989,54022.2
110,H,295.6,306.2,1414.0,42.5,69,0,0,0,0,10.599999999999966,60095.0
111,H,295.6,306.2,1632.0,32.2,76,0,0,0,0,10.599999999999966,52550.4
112,H,296.4,307.1,1638.0,32.5,146,0,0,0,0,10.700000000000045,53235.0
113,H,296.3,307.1,1774.0,25.9,154,0,0,0,0,10.800000000000011,45946.6
114,H,296.3,307.2,1424.0,42.0,196,0,0,0,0,10.899999999999977,59808.0
115,H,296.4,307.5,1556.0,38.0,62,0,0,0,0,11.100000000000023,59128.0
116,H,296.4,307.5,1596.0,35.1,75,0,0,0,0,11.100000000000023,56019.600000000006
117,H,296.4,307.5,1403.0,52.8,94,0,0,0,0,11.100000000000023,74078.4
118,H,296.8,307.8,1627.0,30.5,117,0,0,0,0,11.0,49623.5
119,H,296.7,307.9,1424.0,53.8,133,0,0,0,0,11.199999999999989,76611.2
120,H,296.9,307.8,1345.0,54.5,172,0,0,0,0,10.900000000000034,73302.5
121,H,296.9,307.7,1656.0,30.8,181,0,0,0,0,10.800000000000011,51004.8
122,L,298.2,308.7,1408.0,46.3,3,0,0,0,0,10.5,65190.399999999994
123,L,298.1,308.5,1498.0,49.4,5,0,0,0,0,10.399999999999977,74001.2
124,L,298.2,308.6,1433.0,39.5,7,0,0,0,0,10.400000000000034,56603.5
125,L,,308.7,1408.0,40.0,9,0,0,0,0,,56320.0
126,L,298.1,308.6,1558.0,42.4,14,0,0,0,0,10.5,66059.2
127,L,298.1,308.6,1527.0,40.2,16,0,0,0,0,10.5,61385.4
128,L,298.6,309.2,2035.0,19.6,40,0,0,0,0,10.599999999999966,39886.0
129,L,298.6,309.2,1542.0,48.4,42,0,0,0,0,10.599999999999966,74632.8
130,L,298.8,309.3,1450.0,44.8,63,0,0,0,0,10.5,64959.99999999999
131,L,299.0,309.4,1758.0,25.7,68,0,0,0,0,10.399999999999977,45180.6
132,L,299.0,309.5,1861.0,23.3,73,0,0,0,0,10.5,43361.3
133,L,299.1,309.5,1512.0,39.0,75,0,0,0,0,10.399999999999977,58968.0
134,L,299.1,309.4,1439.0,44.2,82,0,0,0,0,10.299999999999955,63603.8
135,L,299.0,309.4,1693.0,30.1,84,0,0,0,0,10.399999999999977,50959.3
136,L,299.0,309.4,1798.0,25.5,89,0,0,0,0,10.399999999999977,45849.0
137,L,299.0,309.4,1419.0,48.3,91,0,0,0,0,10.399999999999977,68537.7
138,L,298.9,309.3,1665.0,32.5,93,0,0,0,0,10.400000000000034,54112.5
140,L,298.8,309.1,1350.0,52.5,111,0,0,0,0,10.300000000000011,70875.0
141,L,298.8,309.1,1362.0,45.4,113,0,0,0,0,10.300000000000011,61834.799999999996
142,L,298.8,309.1,1368.0,50.8,115,0,0,0,0,10.300000000000011,69494.4
143,L,298.8,309.1,1489.0,49.1,128,0,0,0,0,10.300000000000011,73109.90000000001
144,L,298.8,309.1,1418.0,46.3,133,0,0,0,0,10.300000000000011,65653.4
145,L,298.9,309.1,2861.0,4.6,143,1,0,1,0,10.200000000000045,13160.599999999999
146,L,298.9,309.1,1383.0,54.9,145,0,0,0,0,10.200000000000045,75926.7
147,L,298.7,309.0,1565.0,35.1,152,0,0,0,0,10.300000000000011,54931.5
148,L,298.7,309.0,1691.0,30.1,154,0,0,0,0,10.300000000000011,50899.100000000006
149,L,298.8,309.1,1512.0,40.7,156,0,0,0,0,10.300000000000011,61538.4
150,L,298.8,309.1,1477.0,42.4,158,0,0,0,0,10.300000000000011,62624.799999999996
151,L,298.8,309.1,1513.0,40.3,160,0,0,0,0,10.300000000000011,60973.899999999994
152,L,298.8,309.1,1378.0,54.4,165,0,0,0,0,10.300000000000011,74963.2
153,L,298.8,309.1,1393.0,52.6,167,0,0,0,0,10.300000000000011,73271.8
154,L,298.8,309.0,1829.0,22.9,172,0,0,0,0,10.199999999999989,41884.1
155,L,299.0,309.1,1523.0,38.6,177,0,0,0,0,10.100000000000023,58787.8
156,L,299.0,309.1,1394.0,45.1,179,0,0,0,0,10.100000000000023,62869.4
157,L,298.8,308.9,1527.0,32.4,189,0,0,0,0,10.099999999999966,49474.799999999996
158,L,298.9,309.0,1410.0,65.7,191,1,0,1,1,10.100000000000023,92637.0
159,L,298.9,309.1,1452.0,45.5,196,0,0,0,0,10.200000000000045,66066.0
160,L,298.9,309.1,1369.0,44.4,198,0,0,0,0,10.200000000000045,60783.6
161,L,299.0,309.1,1592.0,35.0,200,0,0,0,0,10.100000000000023,55720.0
162,L,298.9,309.0,1601.0,32.3,202,0,0,0,0,10.100000000000023,51712.299999999996
163,L,298.8,308.9,1379.0,46.7,204,0,0,0,0,10.099999999999966,64399.3
164,L,298.8,308.9,1461.0,47.9,206,0,0,0,0,10.099999999999966,69981.9
165,L,298.8,308.9,1455.0,41.3,208,1,1,0,0,10.099999999999966,60091.49999999999
166,L,298.8,308.9,1398.0,51.5,0,0,0,0,0,10.099999999999966,71997.0
167,L,298.8,308.9,1402.0,37.9,2,0,0,0,0,10.099999999999966,53135.799999999996
168,L,298.9,308.9,1450.0,47.5,9,0,0,0,0,10.0,68875.0
169,L,298.9,308.9,1453.0,40.8,11,0,0,0,0,10.0,59282.399999999994
170,L,299.0,309.0,1469.0,40.1,13,0,0,0,0,10.0,58906.9
171,L,298.9,308.9,1422.0,47.6,15,0,0,0,0,10.0,67687.2
172,L,299.0,309.0,1544.0,31.8,25,0,0,0,0,10.0,49099.200000000004
173,L,298.9,308.9,1753.0,25.8,33,0,0,0,0,10.0,45227.4
174,L,298.9,308.9,1830.0,24.9,35,0,0,0,0,10.0,45567.0
176,L,299.0,308.9,1622.0,31.9,42,0,0,0,0,9.899999999999977,51741.799999999996
177,L,298.9,308.8,1529.0,32.7,53,0,0,0,0,9.900000000000034,49998.3
178,L,298.8,308.8,1523.0,44.4,55,0,0,0,0,10.0,67621.2
179,L,298.8,308.9,1852.0,25.0,57,0,0,0,0,10.099999999999966,46300.0
180,L,298.8,308.8,1991.0,20.7,59,0,0,0,0,10.0,41213.7
181,L,298.8,308.8,1555.0,40.6,61,0,0,0,0,10.0,63133.0
182,L,298.8,308.7,1450.0,43.4,66,0,0,0,0,9.899999999999977,62930.0
183,L,298.8,308.7,1591.0,31.1,68,0,0,0,0,9.899999999999977,49480.100000000006
184,L,298.8,308.7,1445.0,48.5,70,0,0,0,0,9.899999999999977,70082.5
185,L,298.9,308.7,1572.0,34.1,80,0,0,0,0,9.800000000000011,53605.200000000004
186,L,298.8,308.6,1872.0,22.5,82,0,0,0,0,9.800000000000011,42120.0
187,L,298.8,308.6,1680.0,29.4,95,0,0,0,0,9.800000000000011,49392.0
188,L,298.8,308.6,1431.0,45.7,97,0,0,0,0,9.800000000000011,65396.700000000004
189,L,298.9,308.7,1564.0,34.1,99,0,0,0,0,9.800000000000011,53332.4
190,L,298.8,308.6,1599.0,33.0,101,0,0,0,0,9.800000000000011,52767.0
191,L,298.7,308.5,1467.0,40.7,106,0,0,0,0,9.800000000000011,59706.9
192,L,298.9,308.7,1433.0,44.7,108,0,0,0,0,9.800000000000011,64055.100000000006
193,L,298.9,308.7,1558.0,41.2,110,0,0,0,0,9.800000000000011,64189.600000000006
194,L,299.0,308.8,1310.0,50.7,112,0,0,0,0,9.800000000000011,66417.0
195,L,298.9,308.7,1546.0,43.4,114,0,0,0,0,9.800000000000011,67096.4
196,L,298.9,308.7,1727.0,29.4,116,0,0,0,0,9.800000000000011,50773.799999999996
197,L,298.9,308.6,1560.0,32.2,118,0,0,0,0,9.700000000000045,50232.00000000001
198,L,299.0,308.6,1329.0,60.5,120,0,0,0,0,9.600000000000023,80404.5
199,L,298.9,308.6,1413.0,46.5,122,0,0,0,0,9.700000000000045,65704.5
200,L,299.0,308.6,1587.0,38.6,124,0,0,0,0,9.600000000000023,61258.200000000004
201,L,298.9,308.5,1559.0,34.3,126,0,0,0,0,9.600000000000023,53473.7
202,L,298.8,308.4,1473.0,41.1,128,0,0,0,0,9.599999999999966,60540.3
203,L,298.8,308.4,1737.0,27.7,130,0,0,0,0,9.599999999999966,48114.9
204,L,298.8,308.4,1369.0,53.0,138,0,0,0,0,9.599999999999966,72557.0
205,L,298.7,308.6,1297.0,55.3,148,0,0,0,0,9.900000000000034,71724.09999999999
206,L,298.8,308.6,1268.0,55.8,155,0,0,0,0,9.800000000000011,70754.4
207,L,298.8,308.6,1511.0,36.1,157,0,0,0,0,9.800000000000011,54547.1
208,L,298.7,308.5,1544.0,35.2,159,0,0,0,0,9.800000000000011,54348.8
209,L,298.5,308.4,1513.0,33.6,172,0,0,0,0,9.899999999999977,50836.8
210,L,298.4,308.4,1515.0,40.1,179,0,0,0,0,10.0,60751.5
211,L,298.4,308.3,1473.0,39.9,184,0,0,0,0,9.900000000000034,58772.7
212,L,298.4,308.3,1422.0,42.7,186,0,0,0,0,9.900000000000034,60719.4
213,L,298.4,308.2,1850.0,27.0,194,0,0,0,0,9.800000000000011,49950.0
214,L,298.4,308.2,1528.0,36.2,196,0,0,0,0,9.800000000000011,55313.600000000006
215,L,298.4,308.2,1471.0,47.0,214,0,0,0,0,9.800000000000011,69137.0
216,L,298.4,308.2,1282.0,60.7,216,1,0,0,1,9.800000000000011,77817.40000000001
217,L,298.3,308.1,1412.0,52.3,218,1,0,0,1,9.800000000000011,73847.59999999999
218,L,298.3,308.1,1586.0,35.5,0,0,0,0,0,9.800000000000011,56303.0
219,L,298.5,308.4,1733.0,26.0,8,0,0,0,0,9.899999999999977,45058.0
220,L,298.4,308.3,1433.0,62.3,20,1,0,1,0,9.900000000000034,89275.9
221,L,298.4,308.3,1318.0,59.1,22,0,0,0,0,9.900000000000034,77893.8
222,L,298.2,308.1,1462.0,50.8,27,0,0,0,0,9.900000000000034,74269.59999999999
223,L,298.2,308.1,1306.0,58.3,35,0,0,0,0,9.900000000000034,76139.8
224,L,298.2,308.1,1382.0,43.5,37,0,0,0,0,9.900000000000034,60117.0
225,L,298.2,308.1,1618.0,34.7,39,0,0,0,0,9.900000000000034,56144.600000000006
226,L,298.2,308.2,1988.0,21.4,41,0,0,0,0,10.0,42543.2
227,L,298.2,308.2,1436.0,50.2,43,0,0,0,0,10.0,72087.2
228,L,298.2,308.3,1304.0,49.8,45,0,0,0,0,10.100000000000023,64939.2
229,L,298.2,308.3,1475.0,49.9,47,0,0,0,0,10.100000000000023,73602.5
230,L,298.1,308.2,1485.0,40.7,57,0,0,0,0,10.099999999999966,60439.50000000001
231,L,298.2,308.2,1667.0,30.6,59,0,0,0,0,10.0,51010.200000000004
232,L,298.2,308.2,1446.0,38.2,61,0,0,0,0,10.0,55237.200000000004
233,L,298.1,308.3,1301.0,56.0,63,0,0,0,0,10.199999999999989,72856.0
234,L,298.2,308.4,1379.0,43.1,65,0,0,0,0,10.199999999999989,59434.9
235,L,298.3,308.5,1606.0,33.6,67,0,0,0,0,10.199999999999989,53961.600000000006
236,L,298.2,308.4,1477.0,49.9,72,0,0,0,0,10.199999999999989,73702.3
237,L,298.2,308.4,1666.0,34.6,74,0,0,0,0,10.199999999999989,57643.600000000006
238,L,298.3,308.5,1453.0,42.9,89,0,0,0,0,10.199999999999989,62333.7
239,L,298.4,308.7,1588.0,35.0,99,0,0,0,0,10.300000000000011,55580.0
240,L,298.4,308.6,1433.0,47.1,101,0,0,0,0,10.200000000000045,67494.3
241,L,298.4,308.6,1609.0,35.0,103,0,0,0,0,10.200000000000045,56315.0
242,L,298.3,308.5,1575.0,41.2,105,0,0,0,0,10.199999999999989,64890.00000000001
243,L,298.4,308.5,1490.0,37.9,110,0,0,0,0,10.100000000000023,56471.0
244,L,298.4,308.5,1741.0,32.8,112,0,0,0,0,10.100000000000023,57104.799999999996
245,L,298.5,308.7,1609.0,35.3,117,0,0,0,0,10.199999999999989,56797.7
246,L,298.4,308.6,1591.0,36.7,122,0,0,0,0,10.200000000000045,58389.700000000004
247,L,298.4,308.6,1477.0,44.0,124,0,0,0,0,10.200000000000045,64988.0
248,L,298.4,308.7,1523.0,36.1,126,0,0,0,0,10.300000000000011,54980.3
249,L,298.5,308.7,1575.0,33.9,128,0,0,0,0,10.199999999999989,53392.5
250,L,298.4,308.7,1386.0,44.9,135,0,0,0,0,10.300000000000011,62231.4
251,L,298.3,308.6,1548.0,40.3,140,0,0,0,0,10.300000000000011,62384.399999999994
252,L,298.3,308.6,1499.0,38.3,142,0,0,0,0,10.300000000000011,57411.7
253,L,298.3,308.5,1664.0,31.6,144,0,0,0,0,10.199999999999989,52582.4
254,L,298.3,308.6,1447.0,38.1,146,0,0,0,0,10.300000000000011,55130.700000000004
255,L,298.3,308.5,1416.0,52.7,151,0,0,0,0,10.199999999999989,74623.2
256,L,298.4,308.6,1304.0,45.0,158,0,0,0,0,10.200000000000045,58680.0
257,L,298.4,308.6,1569.0,34.4,160,0,0,0,0,10.200000000000045,53973.6
258,L,298.3,308.6,1584.0,29.3,162,0,0,0,0,10.300000000000011,46411.200000000004
259,L,298.3,308.5,1362.0,53.8,164,0,0,0,0,10.199999999999989,73275.59999999999
260,L,298.3,308.4,1329.0,49.2,166,0,0,0,0,10.099999999999966,65386.8
261,L,298.3,308.5,1539.0,36.1,168,0,0,0,0,10.199999999999989,55557.9
262,L,298.3,308.5,1538.0,32.2,173,0,0,0,0,10.199999999999989,49523.600000000006
263,L,298.3,308.6,1570.0,34.8,175,0,0,0,0,10.300000000000011,54635.99999999999
264,L,298.3,308.4,1408.0,43.1,177,0,0,0,0,10.099999999999966,60684.8
265,L,298.2,308.4,1424.0,47.6,179,0,0,0,0,10.199999999999989,67782.40000000001
266,L,298.2,308.4,1512.0,34.9,181,0,0,0,0,10.199999999999989,52768.799999999996
267,L,298.2,308.4,1478.0,42.9,183,0,0,0,0,10.199999999999989,63406.2
268,L,298.1,308.3,1495.0,38.7,188,0,0,0,0,10.199999999999989,57856.50000000001
269,L,297.9,308.1,1393.0,50.3,193,0,0,0,0,10.200000000000045,70067.9
270,L,298.0,308.2,1611.0,30.6,195,0,0,0,0,10.199999999999989,49296.600000000006
271,L,298.0,308.1,1777.0,24.3,200,0,0,0,0,10.100000000000023,43181.1
272,L,298.0,308.2,1348.0,58.8,202,1,0,0,1,10.199999999999989,79262.4
273,L,298.0,308.2,1442.0,44.1,204,0,0,0,0,10.199999999999989,63592.200000000004
274,L,297.9,308.1,1585.0,33.5,212,0,0,0,0,10.200000000000045,53097.5
275,L,298.0,308.2,1469.0,45.5,214,0,0,0,0,10.199999999999989,66839.5
276,L,298.0,308.3,1362.0,56.8,216,1,0,0,1,10.300000000000011,77361.59999999999
277,L,298.0,308.3,1405.0,56.2,218,1,0,0,1,10.300000000000011,78961.0
278,L,298.0,308.3,1662.0,32.7,0,0,0,0,0,10.300000000000011,54347.4
279,L,298.0,308.2,1620.0,35.8,5,0,0,0,0,10.199999999999989,57995.99999999999
280,L,298.0,308.2,1357.0,48.2,7,0,0,0,0,10.199999999999989,65407.4
281,L,298.0,308.2,1514.0,37.9,9,0,0,0,0,10.199999999999989,57380.6
282,L,298.0,308.2,1489.0,40.4,11,0,0,0,0,10.199999999999989,60155.6
283,L,298.1,308.3,1331.0,63.0,13,0,0,0,0,10.199999999999989,83853.0
284,L,298.0,308.0,1615.0,29.5,15,0,0,0,0,10.0,47642.5
285,L,298.1,308.2,1482.0,37.9,17,0,0,0,0,10.099999999999966,56167.799999999996
286,L,298.1,308.2,1654.0,32.1,25,0,0,0,0,10.099999999999966,53093.4
287,L,298.1,308.2,1390.0,47.5,33,0,0,0,0,10.099999999999966,66025.0
288,L,298.0,308.1,1454.0,37.1,35,0,0,0,0,10.100000000000023,53943.4
289,L,297.9,308.0,1954.0,21.1,42,0,0,0,0,10.100000000000023,41229.4
290,L,298.0,308.0,1524.0,37.0,49,0,0,0,0,10.0,56388.0
291,L,298.1,308.1,1484.0,40.4,59,0,0,0,0,10.0,59953.6
292,L,298.1,308.0,1426.0,46.0,61,0,0,0,0,9.899999999999977,65596.0
293,L,298.1,308.0,1652.0,28.5,63,0,0,0,0,9.899999999999977,47082.0
294,L,298.0,308.0,1401.0,54.7,65,0,0,0,0,10.0,76634.7
295,L,298.0,308.1,1819.0,23.4,78,0,0,0,0,10.100000000000023,42564.6
296,L,298.1,308.0,1626.0,36.5,83,0,0,0,0,9.899999999999977,59349.0
298,L,298.2,308.3,2051.0,19.2,90,0,0,0,0,10.100000000000023,39379.2
299,L,298.2,308.3,1568.0,36.0,92,0,0,0,0,10.100000000000023,56448.0
300,L,298.2,308.3,1589.0,33.2,94,0,0,0,0,10.100000000000023,52754.8
301,L,298.2,308.3,1805.0,31.6,96,0,0,0,0,10.100000000000023,57038.0
302,L,298.1,308.4,1436.0,46.7,103,0,0,0,0,10.299999999999955,67061.2
303,L,298.1,308.4,1438.0,45.6,105,0,0,0,0,10.299999999999955,65572.8
304,L,298.0,308.3,1473.0,42.6,107,0,0,0,0,10.300000000000011,62749.8
305,L,298.1,308.4,1335.0,40.2,109,0,0,0,0,10.299999999999955,53667.00000000001
306,L,298.0,308.5,1395.0,46.2,122,0,0,0,0,10.5,64449.00000000001
307,L,298.0,308.5,1713.0,25.3,124,0,0,0,0,10.5,43338.9
308,L,297.8,308.4,1622.0,38.3,134,0,0,0,0,10.599999999999966,62122.6
309,L,297.7,308.4,1740.0,27.1,136,0,0,0,0,10.699999999999989,47154.0
310,L,297.8,308.4,1737.0,27.5,146,0,0,0,0,10.599999999999966,47767.5
311,L,297.8,308.4,2129.0,19.2,148,0,0,0,0,10.599999999999966,40876.799999999996
312,L,297.8,308.4,1374.0,47.1,150,0,0,0,0,10.599999999999966,64715.4
313,L,297.9,308.5,1305.0,47.2,155,0,0,0,0,10.600000000000023,61596.00000000001
314,L,297.9,308.6,1468.0,36.0,168,0,0,0,0,10.700000000000045,52848.0
315,L,298.0,308.6,1313.0,50.8,170,0,0,0,0,10.600000000000023,66700.4
316,L,297.9,308.4,1646.0,40.6,175,0,0,0,0,10.5,66827.6
317,L,297.8,308.4,1714.0,33.2,177,0,0,0,0,10.599999999999966,56904.8
318,L,297.8,308.4,1685.0,28.4,179,0,0,0,0,10.599999999999966,47854.0
319,L,297.8,308.4,1512.0,39.9,181,0,0,0,0,10.599999999999966,60328.799999999996
320,L,297.8,308.4,1612.0,32.1,183,0,0,0,0,10.599999999999966,51745.200000000004
321,L,297.8,308.4,1518.0,32.5,190,0,0,0,0,10.599999999999966,49335.0
322,L,,308.5,1448.0,40.0,192,0,0,0,0,,57920.0
323,L,297.8,308.5,1561.0,46.3,194,0,0,0,0,10.699999999999989,72274.29999999999
324,L,297.8,308.5,1699.0,27.8,199,0,0,0,0,10.699999999999989,47232.200000000004
325,L,297.7,308.5,1501.0,41.4,201,0,0,0,0,10.800000000000011,62141.4
326,L,297.7,308.5,1373.0,56.7,203,1,0,0,1,10.800000000000011,77849.1
327,L,297.5,308.2,1647.0,31.3,3,0,0,0,0,10.699999999999989,51551.1
328,L,297.4,308.1,1749.0,25.9,8,0,0,0,0,10.700000000000045,45299.1
329,L,297.6,308.3,1742.0,27.7,13,0,0,0,0,10.699999999999989,48253.4
330,L,297.5,308.2,1563.0,38.2,15,0,0,0,0,10.699999999999989,59706.600000000006
331,L,297.4,308.1,1474.0,39.4,20,0,0,0,0,10.700000000000045,58075.6
332,L,297.4,308.2,1471.0,46.5,25,0,0,0,0,10.800000000000011,68401.5
333,L,297.5,308.3,1388.0,48.6,27,0,0,0,0,10.800000000000011,67456.8
334,L,297.5,308.3,1585.0,32.9,32,0,0,0,0,10.800000000000011,52146.5
335,L,297.5,308.3,1544.0,40.8,37,0,0,0,0,10.800000000000011,62995.2
336,L,297.6,308.3,1617.0,31.7,39,0,0,0,0,10.699999999999989,51258.9
337,L,297.6,308.3,1595.0,34.3,41,0,0,0,0,10.699999999999989,54708.49999999999
338,L,297.6,308.3,1658.0,34.3,59,0,0,0,0,10.699999999999989,56869.399999999994
339,L,297.6,308.3,1623.0,36.9,61,0,0,0,0,10.699999999999989,59888.7
340,L,297.6,308.4,1517.0,34.2,66,0,0,0,0,10.799999999999955,51881.4
341,L,297.5,308.3,1596.0,36.8,77,0,0,0,0,10.800000000000011,58732.799999999996
342,L,297.6,308.3,1438.0,47.8,84,0,0,0,0,10.699999999999989,68736.4
343,L,297.6,308.4,1407.0,55.2,86,0,0,0,0,10.799999999999955,77666.40000000001
344,L,297.6,308.4,1353.0,57.5,88,0,0,0,0,10.799999999999955,77797.5
345,L,297.5,308.4,1489.0,39.5,96,0,0,0,0,10.899999999999977,58815.5
346,L,297.5,308.4,1604.0,38.1,106,0,0,0,0,10.899999999999977,61112.4
347,L,297.4,308.3,1412.0,42.0,111,0,0,0,0,10.900000000000034,59304.0
349,L,297.4,308.2,1533.0,37.4,115,0,0,0,0,10.800000000000011,57334.2
350,L,297.3,308.2,1754.0,29.4,123,0,0,0,0,10.899999999999977,51567.6
351,L,297.3,308.2,1754.0,26.8,125,0,0,0,0,10.899999999999977,47007.200000000004
352,L,297.5,308.3,2564.0,12.8,127,1,0,1,0,10.800000000000011,32819.200000000004
353,L,297.5,308.5,1546.0,40.4,129,0,0,0,0,11.0,62458.399999999994
354,L,297.5,308.5,1335.0,48.0,131,0,0,0,0,11.0,64080.0
355,L,297.5,308.5,1712.0,26.8,136,0,0,0,0,11.0,45881.6
356,L,297.6,308.7,1319.0,50.9,141,0,0,0,0,11.099999999999966,67137.09999999999
357,L,297.7,308.7,1249.0,60.4,143,0,0,0,0,11.0,75439.59999999999
358,L,297.6,308.7,1455.0,48.2,145,0,0,0,0,11.099999999999966,70131.0
359,L,297.6,308.7,1460.0,46.7,150,0,0,0,0,11.099999999999966,68182.0
360,L,297.6,308.6,1491.0,38.1,152,0,0,0,0,11.0,56807.1
361,L,297.5,308.4,1528.0,39.9,160,0,0,0,0,10.899999999999977,60967.2
362,L,297.4,308.3,1571.0,37.7,162,0,0,0,0,10.900000000000034,59226.700000000004
363,L,297.4,308.3,1490.0,42.6,164,0,0,0,0,10.900000000000034,63474.0
364,L,297.4,308.4,1392.0,49.7,174,0,0,0,0,11.0,69182.40000000001
365,L,297.4,308.5,2100.0,16.9,176,0,0,0,0,11.100000000000023,35490.0
366,L,297.5,308.5,1722.0,30.4,178,0,0,0,0,11.0,52348.799999999996
367,L,297.4,308.6,1678.0,32.3,180,0,0,0,0,11.200000000000045,54199.399999999994
368,L,297.3,308.6,1273.0,59.8,182,0,0,0,0,11.300000000000011,76125.4
369,L,297.3,308.6,1297.0,45.9,184,0,0,0,0,11.300000000000011,59532.299999999996
370,L,297.3,308.5,1350.0,57.6,186,0,0,0,0,11.199999999999989,77760.0
371,L,297.4,308.6,1439.0,51.9,188,0,0,0,0,11.200000000000045,74684.09999999999
372,L,297.4,308.6,1459.0,41.3,196,0,0,0,0,11.200000000000045,60256.7
373,L,297.5,308.7,1429.0,44.3,201,0,0,0,0,11.199999999999989,63304.7
374,L,297.5,308.6,1388.0,48.2,203,0,0,0,0,11.100000000000023,66901.6
375,L,297.4,308.4,1573.0,34.5,205,0,0,0,0,11.0,54268.5
376,L,297.4,308.4,1588.0,32.5,207,0,0,0,0,11.0,51610.0
377,L,297.5,308.4,1511.0,42.8,209,0,0,0,0,10.899999999999977,64670.799999999996
378,L,297.4,308.5,1495.0,37.8,211,0,0,0,0,11.100000000000023,56510.99999999999
379,L,297.4,308.4,1394.0,50.1,213,0,0,0,0,11.0,69839.40000000001
380,L,297.4,308.4,2151.0,17.7,0,0,0,0,0,11.0,38072.7
381,L,297.3,308.3,1333.0,55.2,11,0,0,0,0,11.0,73581.6
382,L,297.3,308.3,1484.0,43.9,13,0,0,0,0,11.0,65147.6
383,L,297.3,308.4,1430.0,45.7,15,0,0,0,0,11.099999999999966,65351.00000000001
384,L,297.4,308.5,1501.0,44.9,20,0,0,0,0,11.100000000000023,67394.9
385,L,297.5,308.6,1208.0,62.3,28,0,0,0,0,11.100000000000023,75258.4
386,L,297.5,308.6,1596.0,37.1,30,0,0,0,0,11.100000000000023,59211.600000000006
387,L,297.5,308.5,1446.0,41.9,32,0,0,0,0,11.0,60587.4
388,L,297.4,308.3,1493.0,41.2,43,0,0,0,0,10.900000000000034,61511.600000000006
389,L,297.3,308.3,1504.0,36.3,45,0,0,0,0,11.0,54595.2
390,L,297.3,308.3,1538.0,38.5,47,0,0,0,0,11.0,59213.0
391,L,297.4,308.4,1341.0,52.2,49,0,0,0,0,11.0,70000.2
393,L,297.4,308.5,1399.0,61.5,61,1,0,1,0,11.100000000000023,86038.5
394,L,297.4,,1582.0,37.2,68,0,0,0,0,,58850.4
395,L,297.5,308.6,1793.0,26.7,70,0,0,0,0,11.100000000000023,47873.1
396,L,297.5,308.6,1452.0,39.0,72,0,0,0,0,11.100000000000023,56628.0
397,L,297.5,308.6,1552.0,44.9,77,0,0,0,0,11.100000000000023,69684.8
398,L,297.6,308.7,1622.0,37.9,79,0,0,0,0,11.099999999999966,61473.799999999996
399,L,297.4,308.7,1510.0,36.2,92,0,0,0,0,11.300000000000011,54662.00000000001
400,L,297.4,308.7,1468.0,46.6,94,0,0,0,0,11.300000000000011,68408.8
401,L,297.4,308.7,1429.0,57.4,96,0,0,0,0,11.300000000000011,82024.59999999999
402,L,297.4,308.6,1276.0,53.6,103,0,0,0,0,11.200000000000045,68393.6
403,L,297.3,308.6,1486.0,42.6,105,0,0,0,0,11.300000000000011,63303.6
404,L,297.4,308.6,1476.0,42.3,107,0,0,0,0,11.200000000000045,62434.799999999996
405,L,297.4,308.7,1402.0,40.2,114,0,0,0,0,11.300000000000011,56360.4
406,L,297.4,308.7,1433.0,43.4,116,0,0,0,0,11.300000000000011,62192.2
407,L,297.4,308.7,2874.0,4.2,118,1,0,1,0,11.300000000000011,12070.800000000001
408,L,297.3,308.6,1511.0,35.7,120,0,0,0,0,11.300000000000011,53942.700000000004
409,L,297.2,308.5,1550.0,41.5,125,0,0,0,0,11.300000000000011,64325.0
410,L,297.2,308.5,2182.0,16.5,127,0,0,0,0,11.300000000000011,36003.0
411,L,297.3,308.7,1619.0,31.6,129,0,0,0,0,11.399999999999977,51160.4
412,L,297.4,309.1,1478.0,49.8,150,0,0,0,0,11.700000000000045,73604.4
413,L,297.4,309.1,1380.0,41.1,152,0,0,0,0,11.700000000000045,56718.0
414,L,297.4,309.0,1570.0,37.9,154,0,0,0,0,11.600000000000023,59503.0
415,L,297.4,309.0,1833.0,22.6,161,0,0,0,0,11.600000000000023,41425.8
416,L,297.4,309.0,1583.0,32.0,166,0,0,0,0,11.600000000000023,50656.0
417,L,297.3,309.0,1548.0,37.4,171,0,0,0,0,11.699999999999989,57895.2
418,L,297.4,309.0,1324.0,56.9,173,0,0,0,0,11.600000000000023,75335.59999999999
419,L,297.4,309.0,1568.0,33.7,175,0,0,0,0,11.600000000000023,52841.600000000006
420,L,297.4,309.2,1584.0,42.8,186,0,0,0,0,11.800000000000011,67795.2
421,L,297.4,309.2,1459.0,37.9,191,0,0,0,0,11.800000000000011,55296.1
422,L,297.4,309.2,1420.0,45.6,193,0,0,0,0,11.800000000000011,64752.0
423,L,297.5,309.3,1404.0,43.5,195,0,0,0,0,11.800000000000011,61074.0
424,L,297.5,309.3,1470.0,38.8,197,0,0,0,0,11.800000000000011,57035.99999999999
425,L,297.6,309.4,1326.0,49.8,199,0,0,0,0,11.799999999999955,66034.8
427,L,297.5,309.1,1611.0,30.2,211,0,0,0,0,11.600000000000023,48652.2
428,L,297.5,309.1,1515.0,35.1,213,0,0,0,0,11.600000000000023,53176.5
429,L,297.6,309.2,1390.0,43.3,221,0,0,0,0,11.599999999999966,60186.99999999999
430,L,297.6,309.3,1610.0,35.0,6,0,0,0,0,11.699999999999989,56350.0
431,L,297.6,309.3,1543.0,34.3,8,0,0,0,0,11.699999999999989,52924.899999999994
432,L,297.7,309.3,1893.0,24.6,15,0,0,0,0,11.600000000000023,46567.8
433,L,297.5,309.3,1564.0,37.5,20,0,0,0,0,11.800000000000011,58650.0
434,L,297.5,309.3,1479.0,39.4,22,0,0,0,0,11.800000000000011,58272.6
435,L,297.5,309.2,1426.0,44.8,24,0,0,0,0,11.699999999999989,63884.799999999996
436,L,297.4,309.2,1428.0,38.8,26,0,0,0,0,11.800000000000011,55406.399999999994
437,L,297.4,309.2,1620.0,33.2,28,0,0,0,0,11.800000000000011,53784.00000000001
438,L,297.5,309.2,1715.0,28.0,30,0,0,0,0,11.699999999999989,48020.0
439,L,297.5,309.3,1732.0,29.9,32,0,0,0,0,11.800000000000011,51786.799999999996
440,L,297.6,309.5,1924.0,20.6,37,0,0,0,0,11.899999999999977,39634.4
441,L,297.6,309.5,1617.0,36.2,42,0,0,0,0,11.899999999999977,58535.4
442,L,297.5,309.4,1497.0,35.8,44,0,0,0,0,11.899999999999977,53592.6
443,L,297.4,309.4,1401.0,45.9,49,0,0,0,0,12.0,64305.9
444,L,297.4,309.4,1620.0,35.4,51,0,0,0,0,12.0,57348.0
445,L,297.4,309.4,1466.0,45.5,53,0,0,0,0,12.0,66703.0
446,L,297.6,309.5,1373.0,50.6,55,0,0,0,0,11.899999999999977,69473.8
447,L,297.6,309.5,1569.0,36.2,63,0,0,0,0,11.899999999999977,56797.8
448,L,297.6,309.5,1549.0,34.9,68,0,0,0,0,11.899999999999977,54060.1
449,L,297.5,309.4,1443.0,45.4,70,0,0,0,0,11.899999999999977,65512.2
450,L,297.5,309.3,1675.0,29.8,72,0,0,0,0,11.800000000000011,49915.0
451,L,297.5,309.3,1623.0,33.4,74,0,0,0,0,11.800000000000011,54208.2
452,L,297.4,309.3,1759.0,24.8,81,0,0,0,0,11.900000000000034,43623.200000000004
453,L,297.4,309.4,1473.0,45.5,94,0,0,0,0,12.0,67021.5
454,L,297.4,309.4,1296.0,52.3,96,0,0,0,0,12.0,67780.8
455,L,297.5,309.4,1803.0,24.7,98,0,0,0,0,11.899999999999977,44534.1
456,L,297.6,309.4,1958.0,22.1,108,0,0,0,0,11.799999999999955,43271.8
457,L,297.5,309.4,1809.0,24.3,110,0,0,0,0,11.899999999999977,43958.700000000004
458,L,297.4,309.3,1332.0,53.2,115,0,0,0,0,11.900000000000034,70862.40000000001
459,L,297.4,309.2,1437.0,40.4,117,0,0,0,0,11.800000000000011,58054.799999999996
460,L,297.4,309.2,1698.0,29.4,119,0,0,0,0,11.800000000000011,49921.2
461,L,297.4,309.2,1274.0,54.3,121,0,0,0,0,11.800000000000011,69178.2
462,L,297.5,309.4,1357.0,50.1,137,0,0,0,0,11.899999999999977,67985.7
463,L,297.5,309.4,1650.0,34.6,142,0,0,0,0,11.899999999999977,57090.0
464,L,297.5,309.4,1503.0,40.6,144,0,0,0,0,11.899999999999977,61021.8
465,L,297.5,309.4,1318.0,58.2,146,0,0,0,0,11.899999999999977,76707.6
466,L,297.6,309.5,1574.0,30.9,151,0,0,0,0,11.899999999999977,48636.6
467,L,297.7,309.6,1529.0,35.2,153,0,0,0,0,11.900000000000034,53820.8
468,L,297.8,309.7,1935.0,22.1,171,0,0,0,0,11.899999999999977,42763.5
469,L,,309.7,1498.0,41.0,176,0,0,0,0,,61418.0
470,L,297.8,309.9,1351.0,49.0,181,0,0,0,0,12.099999999999966,66199.0
471,L,297.9,309.9,1472.0,45.0,183,0,0,0,0,12.0,66240.0
472,L,297.7,309.7,1591.0,37.7,196,0,0,0,0,12.0,59980.700000000004
473,L,297.8,309.8,1533.0,36.8,198,0,0,0,0,12.0,56414.399999999994
474,L,297.8,309.7,1394.0,42.9,206,0,0,0,0,11.899999999999977,59802.6
475,L,297.8,309.7,1341.0,49.2,208,0,0,0,0,11.899999999999977,65977.2
476,L,297.6,309.5,2001.0,20.5,220,0,0,0,0,11.899999999999977,41020.5
477,L,297.6,309.6,1501.0,49.8,222,1,0,0,1,12.0,74749.8
478,L,297.6,309.4,1628.0,33.4,229,0,0,0,0,11.799999999999955,54375.2
479,L,297.6,309.4,1491.0,40.2,231,0,0,0,0,11.799999999999955,59938.200000000004
480,L,297.5,309.4,1517.0,36.7,233,0,0,0,0,11.899999999999977,55673.9
481,L,297.5,309.6,1312.0,50.7,0,0,0,0,0,12.100000000000023,66518.40000000001
482,L,297.7,309.6,1480.0,47.9,18,0,0,0,0,11.900000000000034,70892.0
483,L,297.8,309.7,1547.0,37.3,25,0,0,0,0,11.899999999999977,57703.1
484,L,297.9,309.7,2194.0,16.8,27,0,0,0,0,11.800000000000011,36859.200000000004
485,L,297.9,309.8,2000.0,21.3,29,0,0,0,0,11.900000000000034,42600.0
486,L,297.9,309.8,1336.0,71.6,31,1,0,1,0,11.900000000000034,95657.59999999999
487,L,297.9,309.9,1542.0,33.8,33,0,0,0,0,12.0,52119.6
488,L,297.9,309.8,1461.0,50.5,38,0,0,0,0,11.900000000000034,73780.5
489,L,298.0,309.9,1403.0,47.7,43,0,0,0,0,11.899999999999977,66923.1
490,L,298.1,309.9,1629.0,32.5,45,0,0,0,0,11.799999999999955,52942.5
491,L,298.1,310.0,1534.0,33.7,47,0,0,0,0,11.899999999999977,51695.8
492,L,298.1,310.0,1553.0,40.9,49,0,0,0,0,11.899999999999977,63517.7
493,L,298.1,309.9,1563.0,32.8,51,0,0,0,0,11.799999999999955,51266.399999999994
494,L,298.1,309.9,1634.0,30.0,53,0,0,0,0,11.799999999999955,49020.0
495,L,298.1,309.9,1642.0,30.4,58,0,0,0,0,11.799999999999955,49916.799999999996
496,L,298.3,310.0,1507.0,44.7,73,0,0,0,0,11.699999999999989,67362.90000000001
497,L,298.3,310.1,1408.0,45.3,78,0,0,0,0,11.800000000000011,63782.399999999994
498,L,298.4,310.1,1926.0,23.7,83,0,0,0,0,11.700000000000045,45646.2
499,L,298.3,310.1,1545.0,36.3,90,0,0,0,0,11.800000000000011,56083.49999999999
500,L,298.4,310.1,1533.0,35.2,92,0,0,0,0,11.700000000000045,53961.600000000006
501,L,298.4,310.1,1455.0,42.2,94,0,0,0,0,11.700000000000045,61401.00000000001
502,L,298.3,310.1,1523.0,45.9,99,0,0,0,0,11.800000000000011,69905.7
503,L,298.3,310.0,1460.0,47.6,101,0,0,0,0,11.699999999999989,69496.0
504,L,298.4,310.0,1554.0,37.3,103,0,0,0,0,11.600000000000023,57964.2
505,L,298.3,310.0,1442.0,43.9,110,0,0,0,0,11.699999999999989,63303.799999999996
506,L,298.3,309.9,1507.0,41.6,112,0,0,0,0,11.599999999999966,62691.200000000004
507,L,298.3,310.0,1858.0,23.9,114,0,0,0,0,11.699999999999989,44406.2
508,L,298.3,309.9,1463.0,43.9,116,0,0,0,0,11.599999999999966,64225.7
509,L,298.2,309.7,1585.0,37.4,118,0,0,0,0,11.5,59279.0
510,L,298.0,309.6,1536.0,37.3,120,0,0,0,0,11.600000000000023,57292.799999999996
511,L,298.0,309.6,1403.0,51.3,122,0,0,0,0,11.600000000000023,71973.9
512,L,297.9,309.5,1390.0,47.9,127,0,0,0,0,11.600000000000023,66581.0
513,L,297.7,309.4,1392.0,44.1,140,0,0,0,0,11.699999999999989,61387.200000000004
514,L,297.7,309.3,1559.0,36.9,145,0,0,0,0,11.600000000000023,57527.1
515,L,297.6,309.2,1611.0,33.1,155,0,0,0,0,11.599999999999966,53324.100000000006
516,L,297.6,309.1,1503.0,38.9,157,0,0,0,0,11.5,58466.7
517,L,297.7,309.2,1391.0,44.5,159,0,0,0,0,11.5,61899.5
518,L,297.8,309.3,2015.0,20.1,161,0,0,0,0,11.5,40501.5
519,L,297.8,309.2,1683.0,30.9,163,0,0,0,0,11.399999999999977,52004.7
520,L,297.7,309.1,1435.0,38.8,165,0,0,0,0,11.400000000000034,55677.99999999999
521,L,297.7,309.2,1365.0,58.6,170,0,0,0,0,11.5,79989.0
522,L,297.7,309.1,1562.0,36.8,172,0,0,0,0,11.400000000000034,57481.6
523,L,297.6,309.1,1449.0,49.1,174,0,0,0,0,11.5,71145.90000000001
524,L,297.5,308.9,1469.0,44.0,185,0,0,0,0,11.399999999999977,64636.0
525,L,297.5,308.9,1390.0,47.4,187,0,0,0,0,11.399999999999977,65886.0
526,L,297.5,308.9,1729.0,28.1,189,0,0,0,0,11.399999999999977,48584.9
527,L,297.5,309.0,1470.0,43.5,191,0,0,0,0,11.5,63945.0
528,L,297.5,308.9,1459.0,48.5,193,0,0,0,0,11.399999999999977,70761.5
529,L,297.5,308.9,1738.0,24.0,195,0,0,0,0,11.399999999999977,41712.0
530,L,297.6,309.0,1822.0,25.4,202,0,0,0,0,11.399999999999977,46278.799999999996
531,L,297.5,308.9,1554.0,34.8,204,0,0,0,0,11.399999999999977,54079.2
532,L,297.6,308.9,1449.0,47.7,209,0,0,0,0,11.299999999999955,69117.3
533,L,297.8,309.0,1456.0,41.2,0,0,0,0,0,11.199999999999989,59987.200000000004
534,L,297.9,309.2,1478.0,39.7,10,0,0,0,0,11.300000000000011,58676.600000000006
535,L,297.8,309.2,1372.0,47.3,15,0,0,0,0,11.399999999999977,64895.6
536,L,297.7,309.0,1874.0,24.4,28,0,0,0,0,11.300000000000011,45725.6
537,L,297.7,309.0,1538.0,43.2,30,0,0,0,0,11.300000000000011,66441.6
538,L,297.7,309.1,1563.0,39.3,56,0,0,0,0,11.400000000000034,61425.899999999994
539,L,297.7,309.1,1479.0,42.1,58,0,0,0,0,11.400000000000034,62265.9
540,L,297.7,309.1,1477.0,38.3,60,0,0,0,0,11.400000000000034,56569.1
541,L,297.6,309.1,1394.0,50.0,62,0,0,0,0,11.5,69700.0
542,L,297.6,309.0,1487.0,45.4,64,0,0,0,0,11.399999999999977,67509.8
543,L,297.6,308.8,1539.0,40.2,72,0,0,0,0,11.199999999999989,61867.8
544,L,297.7,308.8,1515.0,40.1,82,0,0,0,0,11.100000000000023,60751.5
545,L,297.7,308.9,1516.0,33.7,92,0,0,0,0,11.199999999999989,51089.200000000004
546,L,297.7,309.0,1507.0,38.2,94,0,0,0,0,11.300000000000011,57567.4
547,L,297.7,308.9,1838.0,27.3,99,0,0,0,0,11.199999999999989,50177.4
548,L,297.5,308.7,1443.0,46.2,110,0,0,0,0,11.199999999999989,66666.6
549,L,297.5,308.7,1453.0,37.6,112,0,0,0,0,11.199999999999989,54632.8
550,L,297.4,308.6,1439.0,46.4,114,0,0,0,0,11.200000000000045,66769.59999999999
551,L,297.4,308.6,1609.0,36.2,116,0,0,0,0,11.200000000000045,58245.8
552,L,297.4,308.6,1324.0,59.1,118,0,0,0,0,11.200000000000045,78248.40000000001
553,L,297.4,308.7,1545.0,36.9,125,0,0,0,0,11.300000000000011,57010.5
554,L,297.5,308.8,1477.0,39.0,127,0,0,0,0,11.300000000000011,57603.0
555,L,297.4,308.8,1447.0,58.1,129,0,0,0,0,11.400000000000034,84070.7
556,L,297.4,308.9,1809.0,23.8,131,0,0,0,0,11.5,43054.200000000004
557,L,297.5,308.9,1696.0,30.9,133,0,0,0,0,11.399999999999977,52406.399999999994
558,L,297.5,308.9,1427.0,44.7,135,0,0,0,0,11.399999999999977,63786.9
559,L,297.5,308.9,1390.0,44.6,140,0,0,0,0,11.399999999999977,61994.0
560,L,297.4,308.8,1640.0,34.2,142,0,0,0,0,11.400000000000034,56088.00000000001
561,L,297.3,308.6,1586.0,37.7,155,0,0,0,0,11.300000000000011,59792.200000000004
562,L,297.2,308.6,1924.0,22.1,163,0,0,0,0,11.400000000000034,42520.4
563,L,296.9,308.4,1557.0,32.4,173,0,0,0,0,11.5,50446.799999999996
564,L,296.9,308.3,1555.0,38.2,175,0,0,0,0,11.400000000000034,59401.00000000001
565,L,296.8,308.3,1506.0,45.9,182,0,0,0,0,11.5,69125.4
566,L,296.9,308.4,1390.0,41.8,184,0,0,0,0,11.5,58101.99999999999
567,L,296.9,308.3,1513.0,38.8,189,0,0,0,0,11.400000000000034,58704.399999999994
568,L,296.8,308.2,1643.0,34.7,191,0,0,0,0,11.399999999999977,57012.100000000006
569,L,296.8,308.2,1361.0,53.8,193,0,0,0,0,11.399999999999977,73221.8
570,L,296.7,308.1,1450.0,40.9,195,0,0,0,0,11.400000000000034,59305.0
571,L,296.7,308.0,1451.0,50.7,197,0,0,0,0,11.300000000000011,73565.7
572,L,296.8,308.1,1289.0,62.0,199,1,0,0,1,11.300000000000011,79918.0
573,L,296.8,308.1,1356.0,48.3,201,0,0,0,0,11.300000000000011,65494.799999999996
574,L,296.6,308.0,1978.0,22.3,208,0,0,0,0,11.399999999999977,44109.4
575,L,296.7,308.0,1535.0,36.8,210,0,0,0,0,11.300000000000011,56487.99999999999
576,L,296.9,308.1,1422.0,48.7,215,0,0,0,0,11.200000000000045,69251.40000000001
577,L,296.8,308.0,1536.0,40.4,217,0,0,0,0,11.199999999999989,62054.399999999994
578,L,296.8,308.0,1584.0,40.4,227,0,0,0,0,11.199999999999989,63993.6
579,L,296.9,308.1,1555.0,33.7,229,0,0,0,0,11.200000000000045,52403.50000000001
580,L,296.8,308.0,1497.0,41.7,231,0,0,0,0,11.199999999999989,62424.9
581,L,296.7,307.8,1505.0,39.4,236,0,0,0,0,11.100000000000023,59297.0
582,L,296.7,307.8,1646.0,34.6,238,0,0,0,0,11.100000000000023,56951.600000000006
583,L,296.7,307.8,1400.0,47.5,3,0,0,0,0,11.100000000000023,66500.0
584,L,296.8,307.9,1337.0,56.5,5,0,0,0,0,11.099999999999966,75540.5
585,L,296.9,308.0,1332.0,53.9,7,0,0,0,0,11.100000000000023,71794.8
586,L,296.8,308.0,1561.0,38.3,9,0,0,0,0,11.199999999999989,59786.299999999996
587,L,296.9,308.0,1546.0,31.1,11,0,0,0,0,11.100000000000023,48080.600000000006
588,L,296.9,308.0,1713.0,29.3,13,0,0,0,0,11.100000000000023,50190.9
589,L,296.9,308.0,1343.0,44.5,15,0,0,0,0,11.100000000000023,59763.5
590,L,296.8,308.0,1391.0,54.4,17,0,0,0,0,11.199999999999989,75670.4
591,L,296.8,308.0,1510.0,39.4,29,0,0,0,0,11.199999999999989,59494.0
592,L,296.8,307.9,1448.0,48.8,31,0,0,0,0,11.099999999999966,70662.4
593,L,296.7,307.8,1453.0,46.0,33,0,0,0,0,11.100000000000023,66838.0
595,L,296.7,307.8,1382.0,47.5,37,0,0,0,0,11.100000000000023,65645.0
596,L,296.7,308.0,1580.0,32.2,39,0,0,0,0,11.300000000000011,50876.00000000001
597,L,296.8,308.0,1666.0,29.8,41,0,0,0,0,11.199999999999989,49646.8
598,L,296.8,308.0,1675.0,29.7,46,0,0,0,0,11.199999999999989,49747.5
599,L,296.8,307.9,1698.0,30.8,48,0,0,0,0,11.099999999999966,52298.4
600,L,296.7,307.9,1743.0,27.9,55,0,0,0,0,11.199999999999989,48629.7
601,L,296.9,308.1,1741.0,28.8,60,0,0,0,0,11.200000000000045,50140.8
602,L,296.9,308.1,1435.0,45.3,62,0,0,0,0,11.200000000000045,65005.49999999999
603,L,296.8,307.9,1420.0,45.4,70,0,0,0,0,11.099999999999966,64468.0
604,L,296.8,307.9,1611.0,35.4,72,0,0,0,0,11.099999999999966,57029.399999999994
605,L,296.8,307.8,1373.0,42.9,74,0,0,0,0,11.0,58901.7
606,L,296.9,307.8,1605.0,37.0,84,0,0,0,0,10.900000000000034,59385.0
607,L,296.8,307.7,1565.0,40.1,89,0,0,0,0,10.899999999999977,62756.5
608,L,296.9,307.8,1285.0,52.1,100,0,0,0,0,10.900000000000034,66948.5
609,L,296.9,307.8,1571.0,35.0,102,0,0,0,0,10.900000000000034,54985.0
610,L,297.0,307.7,1867.0,22.8,118,0,0,0,0,10.699999999999989,42567.6
611,L,296.9,307.7,1424.0,43.3,120,0,0,0,0,10.800000000000011,61659.2
612,L,296.9,307.6,1452.0,45.7,122,0,0,0,0,10.700000000000045,66356.40000000001
613,L,296.9,307.7,1550.0,39.7,124,0,0,0,0,10.800000000000011,61535.00000000001
614,L,296.8,307.6,1588.0,37.6,126,0,0,0,0,10.800000000000011,59708.8
615,L,296.8,307.6,1338.0,44.4,128,0,0,0,0,10.800000000000011,59407.2
616,L,,307.6,1513.0,40.0,130,0,0,0,0,,60520.0
617,L,296.8,307.6,1434.0,48.3,138,0,0,0,0,10.800000000000011,69262.2
618,L,296.8,307.6,1368.0,52.0,140,0,0,0,0,10.800000000000011,71136.0
619,L,296.8,307.6,1304.0,48.7,142,0,0,0,0,10.800000000000011,63504.8
620,L,296.8,307.6,1398.0,46.7,144,0,0,0,0,10.800000000000011,65286.600000000006
621,L,296.7,307.6,1516.0,37.4,146,0,0,0,0,10.900000000000034,56698.4
622,L,296.7,307.6,1474.0,41.7,148,0,0,0,0,10.900000000000034,61465.8
623,L,296.6,307.4,1436.0,42.8,156,0,0,0,0,10.799999999999955,61460.799999999996
624,L,,307.3,1474.0,40.0,158,0,0,0,0,,58960.0
625,L,296.5,307.2,1481.0,38.2,160,0,0,0,0,10.699999999999989,56574.200000000004
626,L,296.5,307.3,1501.0,42.1,162,0,0,0,0,10.800000000000011,63192.1
627,L,296.5,,1566.0,37.2,164,0,0,0,0,,58255.200000000004
628,L,296.5,307.3,1579.0,34.5,166,0,0,0,0,10.800000000000011,54475.5
629,L,296.6,307.4,1631.0,35.0,168,0,0,0,0,10.799999999999955,57085.0
630,L,296.6,307.4,1521.0,38.6,173,0,0,0,0,10.799999999999955,58710.6
631,L,296.6,307.4,1616.0,28.0,175,0,0,0,0,10.799999999999955,45248.0
632,L,296.6,307.4,1368.0,45.1,185,0,0,0,0,10.799999999999955,61696.8
633,L,296.6,307.4,1465.0,47.8,187,0,0,0,0,10.799999999999955,70027.0
634,L,296.6,307.5,1582.0,37.9,197,0,0,0,0,10.899999999999977,59957.799999999996
635,L,296.6,307.5,1439.0,45.5,199,0,0,0,0,10.899999999999977,65474.5
636,L,296.6,307.5,1485.0,42.7,204,0,0,0,0,10.899999999999977,63409.50000000001
637,L,296.5,307.5,1566.0,35.1,206,0,0,0,0,11.0,54966.600000000006
638,L,296.3,307.3,1439.0,41.5,208,0,0,0,0,11.0,59718.5
639,L,296.4,307.4,2833.0,5.6,213,1,0,1,0,11.0,15864.8
640,L,296.3,307.4,1465.0,47.1,215,0,0,0,0,11.099999999999966,69001.5
641,L,296.3,307.3,1567.0,31.4,5,0,0,0,0,11.0,49203.799999999996
642,L,296.3,307.3,1444.0,49.0,13,0,0,0,0,11.0,70756.0
643,L,296.1,307.2,1615.0,30.8,18,0,0,0,0,11.099999999999966,49742.0
644,L,296.1,307.1,1898.0,22.7,20,0,0,0,0,11.0,43084.6
645,L,296.0,306.7,1416.0,44.2,46,0,0,0,0,10.699999999999989,62587.200000000004
646,L,295.9,306.6,1414.0,50.2,51,0,0,0,0,10.700000000000045,70982.8
647,L,295.9,306.6,1678.0,26.7,53,0,0,0,0,10.700000000000045,44802.6
648,L,295.8,306.5,1358.0,49.2,63,0,0,0,0,10.699999999999989,66813.6
649,L,295.8,306.4,1325.0,56.2,65,0,0,0,0,10.599999999999966,74465.0
650,L,295.8,306.4,1339.0,53.2,67,0,0,0,0,10.599999999999966,71234.8
651,L,295.9,306.4,1892.0,21.7,72,0,0,0,0,10.5,41056.4
652,L,295.9,306.4,1575.0,28.5,74,0,0,0,0,10.5,44887.5
653,L,295.7,306.3,1915.0,22.4,79,0,0,0,0,10.600000000000023,42896.0
654,L,295.8,306.3,1337.0,54.6,87,0,0,0,0,10.5,73000.2
655,L,295.7,306.2,1464.0,46.2,92,0,0,0,0,10.5,67636.8
656,L,295.7,306.3,1490.0,34.3,97,0,0,0,0,10.600000000000023,51106.99999999999
657,L,295.8,306.4,1356.0,48.0,99,0,0,0,0,10.599999999999966,65088.0
658,L,295.7,306.2,1397.0,52.0,101,0,0,0,0,10.5,72644.0
659,L,295.7,306.2,1458.0,40.6,103,0,0,0,0,10.5,59194.8
660,L,295.6,306.1,1389.0,46.2,113,0,0,0,0,10.5,64171.8
661,L,295.6,306.0,1370.0,52.4,115,0,0,0,0,10.399999999999977,71788.0
662,L,295.7,306.1,1408.0,47.9,117,0,0,0,0,10.400000000000034,67443.2
663,L,295.7,306.1,1343.0,54.4,119,0,0,0,0,10.400000000000034,73059.2
664,L,295.6,306.2,1426.0,48.6,124,0,0,0,0,10.599999999999966,69303.6
665,L,295.5,306.1,1573.0,35.1,129,0,0,0,0,10.600000000000023,55212.3
666,L,295.6,306.2,1612.0,31.2,131,0,0,0,0,10.599999999999966,50294.4
667,L,295.6,306.2,1446.0,49.9,133,0,0,0,0,10.599999999999966,72155.4
668,L,295.6,306.2,1569.0,35.1,140,0,0,0,0,10.599999999999966,55071.9
669,L,295.6,306.1,1383.0,48.7,147,0,0,0,0,10.5,67352.1
670,L,295.7,306.2,2270.0,14.6,149,1,0,1,0,10.5,33142.0
671,L,295.6,306.1,1474.0,41.2,156,0,0,0,0,10.5,60728.8
673,L,295.5,306.0,1546.0,35.9,169,0,0,0,0,10.5,55501.399999999994
674,L,295.6,306.0,1569.0,40.4,174,0,0,0,0,10.399999999999977,63387.6
675,L,295.5,306.0,1621.0,29.5,176,0,0,0,0,10.5,47819.5
676,L,295.3,305.7,1475.0,51.0,187,0,0,0,0,10.399999999999977,75225.0
677,L,295.4,305.8,1407.0,50.7,192,0,0,0,0,10.400000000000034,71334.90000000001
678,L,295.5,306.0,1800.0,27.6,208,0,0,0,0,10.5,49680.0
679,L,295.6,306.1,1372.0,55.6,215,1,0,0,1,10.5,76283.2
680,L,295.6,306.0,1949.0,21.9,5,0,0,0,0,10.399999999999977,42683.1
681,L,295.6,306.0,1419.0,51.1,7,0,0,0,0,10.399999999999977,72510.90000000001
682,L,295.5,305.9,1542.0,36.2,12,0,0,0,0,10.399999999999977,55820.4
683,L,295.6,306.0,1363.0,50.0,14,0,0,0,0,10.399999999999977,68150.0
684,L,295.5,,1597.0,37.2,16,0,0,0,0,,59408.4
685,L,295.6,306.2,1263.0,61.8,27,0,0,0,0,10.599999999999966,78053.4
686,L,295.6,306.2,1823.0,25.8,29,0,0,0,0,10.599999999999966,47033.4
687,L,295.5,306.1,1488.0,40.7,31,0,0,0,0,10.600000000000023,60561.600000000006
688,L,295.6,306.2,1443.0,48.9,33,0,0,0,0,10.599999999999966,70562.7
689,L,295.6,306.2,1650.0,28.2,35,0,0,0,0,10.599999999999966,46530.0
690,L,295.6,306.2,1287.0,54.8,49,0,0,0,0,10.599999999999966,70527.59999999999
691,L,295.6,306.2,1428.0,44.5,51,0,0,0,0,10.599999999999966,63546.0
692,L,295.6,306.3,1636.0,32.7,56,0,0,0,0,10.699999999999989,53497.200000000004
693,L,295.6,306.2,1424.0,42.5,58,0,0,0,0,10.599999999999966,60520.0
694,L,295.5,306.2,1448.0,48.9,65,0,0,0,0,10.699999999999989,70807.2
695,L,295.5,306.1,1650.0,32.8,67,0,0,0,0,10.600000000000023,54119.99999999999
696,L,295.6,306.3,1911.0,20.9,74,0,0,0,0,10.699999999999989,39939.899999999994
697,L,295.8,306.4,1399.0,47.6,84,0,0,0,0,10.599999999999966,66592.40000000001
698,L,295.8,306.5,1505.0,35.2,86,0,0,0,0,10.699999999999989,52976.00000000001
699,L,295.8,306.5,1534.0,37.9,88,0,0,0,0,10.699999999999989,58138.6
700,L,295.8,306.5,1493.0,40.5,90,0,0,0,0,10.699999999999989,60466.5
701,L,295.8,306.6,1621.0,31.6,95,0,0,0,0,10.800000000000011,51223.600000000006
702,L,295.7,306.5,1737.0,26.2,97,0,0,0,0,10.800000000000011,45509.4
703,L,295.8,306.6,1508.0,46.5,99,0,0,0,0,10.800000000000011,70122.0
704,L,295.9,306.7,1547.0,40.9,107,0,0,0,0,10.800000000000011,63272.299999999996
705,L,,306.6,1412.0,41.0,109,0,0,0,0,,57892.0
706,L,295.8,306.5,1568.0,35.1,111,0,0,0,0,10.699999999999989,55036.8
707,L,295.9,306.6,1557.0,41.1,113,0,0,0,0,10.700000000000045,63992.700000000004
708,L,295.8,306.6,1644.0,35.2,115,0,0,0,0,10.800000000000011,57868.8
709,L,295.9,306.6,1679.0,30.4,117,0,0,0,0,10.700000000000045,51041.6
710,L,296.0,306.6,1511.0,35.2,119,0,0,0,0,10.600000000000023,53187.200000000004
711,L,296.0,306.7,1917.0,21.0,127,0,0,0,0,10.699999999999989,40257.0
712,L,296.2,306.8,1389.0,53.3,132,0,0,0,0,10.600000000000023,74033.7
713,L,296.1,306.7,1409.0,42.8,134,0,0,0,0,10.599999999999966,60305.2
714,L,296.2,306.8,1655.0,31.1,136,0,0,0,0,10.600000000000023,51470.5
715,L,296.2,306.9,1516.0,39.1,138,0,0,0,0,10.699999999999989,59275.6
716,L,296.2,306.9,1526.0,34.9,140,0,0,0,0,10.699999999999989,53257.4
717,L,296.3,307.1,1419.0,48.6,142,0,0,0,0,10.800000000000011,68963.40000000001
718,L,296.4,307.2,1748.0,25.3,144,0,0,0,0,10.800000000000011,44224.4
719,L,296.2,307.0,1414.0,48.3,162,0,0,0,0,10.800000000000011,68296.2
720,L,296.1,307.1,1651.0,35.7,167,0,0,0,0,11.0,58940.700000000004
721,L,296.3,307.3,1566.0,35.8,175,0,0,0,0,11.0,56062.799999999996
722,L,296.3,307.1,1560.0,33.2,186,0,0,0,0,10.800000000000011,51792.00000000001
723,L,296.3,307.1,1654.0,29.6,188,0,0,0,0,10.800000000000011,48958.4
724,L,296.3,307.1,1662.0,32.9,190,0,0,0,0,10.800000000000011,54679.799999999996
725,L,296.3,307.2,1646.0,35.0,192,0,0,0,0,10.899999999999977,57610.0
726,L,296.2,307.1,1444.0,46.7,194,0,0,0,0,10.900000000000034,67434.8
727,L,296.2,307.2,1382.0,52.0,201,0,0,0,0,11.0,71864.0
728,L,296.2,307.1,1413.0,53.4,203,0,0,0,0,10.900000000000034,75454.2
729,L,296.2,307.1,1441.0,41.7,3,0,0,0,0,10.900000000000034,60089.700000000004
730,L,296.2,307.2,1445.0,41.8,20,0,0,0,0,11.0,60400.99999999999
731,L,296.2,307.2,1356.0,43.6,22,0,0,0,0,11.0,59121.6
732,L,296.3,307.2,1637.0,31.6,27,0,0,0,0,10.899999999999977,51729.200000000004
733,L,296.3,307.2,1291.0,58.6,29,0,0,0,0,10.899999999999977,75652.6
734,L,296.3,307.3,1398.0,52.7,31,0,0,0,0,11.0,73674.6
735,L,296.3,307.3,1372.0,57.7,33,0,0,0,0,11.0,79164.40000000001
736,L,296.2,307.2,1515.0,36.5,38,0,0,0,0,11.0,55297.5
737,L,296.2,307.3,1881.0,24.3,40,0,0,0,0,11.100000000000023,45708.3
738,L,296.2,307.3,1711.0,29.9,42,0,0,0,0,11.100000000000023,51158.899999999994
739,L,296.2,307.3,1475.0,37.0,44,0,0,0,0,11.100000000000023,54575.0
740,L,296.4,307.4,1512.0,36.8,46,0,0,0,0,11.0,55641.6
741,L,296.3,307.4,1472.0,39.9,51,0,0,0,0,11.099999999999966,58732.799999999996
742,L,296.3,307.4,1760.0,28.4,56,0,0,0,0,11.099999999999966,49984.0
743,L,296.4,307.5,1549.0,36.1,58,0,0,0,0,11.100000000000023,55918.9
744,L,296.3,307.4,,34.0,60,0,0,0,0,11.099999999999966,
745,L,296.4,307.4,1403.0,48.4,70,0,0,0,0,11.0,67905.2
746,L,296.6,307.6,1498.0,41.1,80,0,0,0,0,11.0,61567.8
747,L,296.7,307.7,1524.0,36.8,82,0,0,0,0,11.0,56083.2
748,L,296.7,307.7,1502.0,43.9,84,0,0,0,0,11.0,65937.8
749,L,296.6,307.6,1809.0,25.1,86,0,0,0,0,11.0,45405.9
750,L,296.6,307.6,1542.0,37.4,88,0,0,0,0,11.0,57670.799999999996
751,L,296.5,307.6,1431.0,45.2,90,0,0,0,0,11.100000000000023,64681.200000000004
752,L,296.5,307.6,1512.0,43.6,92,0,0,0,0,11.100000000000023,65923.2
753,L,296.4,307.5,1331.0,47.8,99,0,0,0,0,11.100000000000023,63621.799999999996
754,L,296.5,307.6,1607.0,33.5,104,0,0,0,0,11.100000000000023,53834.5
755,L,296.5,307.6,1415.0,44.2,106,0,0,0,0,11.100000000000023,62543.00000000001
756,L,296.6,307.6,1671.0,28.8,108,0,0,0,0,11.0,48124.8
757,L,296.6,307.7,1556.0,37.7,110,0,0,0,0,11.099999999999966,58661.200000000004
758,L,296.7,307.7,1927.0,23.9,112,0,0,0,0,11.0,46055.299999999996
759,L,296.8,307.8,1480.0,39.4,122,0,0,0,0,11.0,58312.0
760,L,296.8,307.8,1565.0,39.5,124,0,0,0,0,11.0,61817.5
761,L,296.8,307.8,1573.0,36.4,126,0,0,0,0,11.0,57257.2
762,L,296.7,307.8,1605.0,31.3,128,0,0,0,0,11.100000000000023,50236.5
763,L,296.7,307.9,1420.0,50.1,138,0,0,0,0,11.199999999999989,71142.0
764,L,296.8,307.9,1372.0,49.0,140,0,0,0,0,11.099999999999966,67228.0
765,L,296.8,307.9,1718.0,25.2,148,0,0,0,0,11.099999999999966,43293.6
766,L,296.9,307.8,1466.0,45.7,153,0,0,0,0,10.900000000000034,66996.2
767,L,296.8,307.8,1394.0,47.7,155,0,0,0,0,11.0,66493.8
768,L,296.9,307.8,1425.0,49.1,163,0,0,0,0,10.900000000000034,69967.5
769,L,297.0,307.8,1414.0,47.5,168,0,0,0,0,10.800000000000011,67165.0
770,L,297.0,307.9,1595.0,31.7,170,0,0,0,0,10.899999999999977,50561.5
771,L,296.9,307.7,1653.0,35.9,177,0,0,0,0,10.800000000000011,59342.7
772,L,296.8,307.6,1547.0,36.5,179,0,0,0,0,10.800000000000011,56465.5
773,L,297.0,307.7,1731.0,28.5,186,0,0,0,0,10.699999999999989,49333.5
774,L,297.0,307.8,1774.0,28.0,188,0,0,0,0,10.800000000000011,49672.0
775,M,298.1,308.6,1551.0,42.8,0,0,0,0,0,10.5,66382.79999999999
776,M,298.1,308.6,1425.0,41.9,11,0,0,0,0,10.5,59707.5
777,M,298.3,308.7,1667.0,28.6,18,0,0,0,0,10.399999999999977,47676.200000000004
778,M,298.5,309.0,1741.0,28.0,21,0,0,0,0,10.5,48748.0
779,M,298.6,309.1,1339.0,51.1,34,0,0,0,0,10.5,68422.90000000001
780,M,298.6,309.2,1742.0,30.0,37,0,0,0,0,10.599999999999966,52260.0
781,M,298.6,309.2,1311.0,46.6,44,0,0,0,0,10.599999999999966,61092.6
782,M,298.7,309.2,1410.0,45.6,47,0,0,0,0,10.5,64296.0
783,M,298.9,309.3,1632.0,32.5,55,0,0,0,0,10.400000000000034,53040.0
784,M,298.9,309.3,1581.0,30.7,65,0,0,0,0,10.400000000000034,48536.7
785,M,299.0,309.4,1561.0,37.3,70,0,0,0,0,10.399999999999977,58225.299999999996
786,M,299.1,309.5,1339.0,48.2,86,0,0,0,0,10.399999999999977,64539.8
787,M,298.8,309.1,1559.0,34.7,95,0,0,0,0,10.300000000000011,54097.3
788,M,298.8,309.2,1452.0,48.6,98,0,0,0,0,10.399999999999977,70567.2
789,M,298.9,309.2,1581.0,36.7,101,0,0,0,0,10.300000000000011,58022.700000000004
790,M,298.8,309.1,1368.0,49.1,117,0,0,0,0,10.300000000000011,67168.8
791,M,298.8,309.1,1472.0,47.5,125,0,0,0,0,10.300000000000011,69920.0
792,M,298.7,309.0,1843.0,25.8,130,0,0,0,0,10.300000000000011,47549.4
793,M,298.9,309.2,1412.0,44.1,140,0,0,0,0,10.300000000000011,62269.200000000004
794,M,298.8,309.0,1661.0,29.5,162,0,0,0,0,10.199999999999989,48999.5
795,M,298.8,309.0,1592.0,38.2,169,0,0,0,0,10.199999999999989,60814.4
796,M,298.9,309.0,1812.0,25.9,174,0,0,0,0,10.100000000000023,46930.799999999996
797,M,298.9,308.9,1679.0,28.7,181,0,0,0,0,10.0,48187.299999999996
798,M,298.9,309.0,1924.0,22.6,193,0,0,0,0,10.100000000000023,43482.4
799,M,299.0,309.0,1804.0,26.8,17,0,0,0,0,10.0,48347.200000000004
800,M,299.0,309.0,1419.0,45.2,27,0,0,0,0,10.0,64138.8
801,M,298.9,308.9,1487.0,39.5,30,0,0,0,0,10.0,58736.5
802,M,298.9,308.9,1727.0,27.1,37,0,0,0,0,10.0,46801.700000000004
803,M,299.0,309.0,1351.0,52.2,44,0,0,0,0,10.0,70522.2
804,M,299.0,309.0,1575.0,35.3,47,0,0,0,0,10.0,55597.49999999999
805,M,298.9,308.9,1750.0,29.9,50,0,0,0,0,10.0,52325.0
806,M,298.8,308.8,1441.0,40.5,63,0,0,0,0,10.0,58360.5
807,M,298.8,308.8,1497.0,46.8,72,0,0,0,0,10.0,70059.59999999999
808,M,298.8,308.7,1498.0,39.5,89,0,0,0,0,9.899999999999977,59171.0
809,M,298.8,308.6,1486.0,41.9,92,0,0,0,0,9.800000000000011,62263.4
810,M,298.8,308.6,1707.0,28.1,103,0,0,0,0,9.800000000000011,47966.700000000004
811,M,298.7,308.4,1441.0,43.2,132,0,0,0,0,9.699999999999989,62251.200000000004
812,M,298.7,308.4,1430.0,49.6,135,0,0,0,0,9.699999999999989,70928.0
813,M,298.8,308.5,1711.0,28.5,140,0,0,0,0,9.699999999999989,48763.5
814,M,298.6,308.4,1778.0,28.2,161,0,0,0,0,9.799999999999955,50139.6
815,M,298.6,308.4,1391.0,42.4,169,0,0,0,0,9.799999999999955,58978.4
816,M,298.3,308.3,1379.0,48.0,181,0,0,0,0,10.0,66192.0
817,M,298.4,308.2,1463.0,37.6,188,0,0,0,0,9.800000000000011,55008.8
818,M,,308.2,1584.0,41.0,191,0,0,0,0,,64944.0
819,M,298.4,308.1,1495.0,46.0,203,0,0,0,0,9.700000000000045,68770.0
820,M,,308.2,1499.0,40.0,211,0,0,0,0,,59960.0
821,M,298.4,308.2,1468.0,43.8,2,0,0,0,0,9.800000000000011,64298.399999999994
822,M,298.5,308.3,1440.0,43.6,5,0,0,0,0,9.800000000000011,62784.0
823,M,298.4,308.2,1610.0,35.0,24,0,0,0,0,9.800000000000011,56350.0
824,M,298.1,308.0,1924.0,20.8,29,0,0,0,0,9.899999999999977,40019.200000000004
825,M,298.2,308.0,1591.0,33.7,32,0,0,0,0,9.800000000000011,53616.700000000004
826,M,298.1,308.2,1342.0,48.1,54,0,0,0,0,10.099999999999966,64550.200000000004
827,M,298.3,308.4,1539.0,43.4,69,0,0,0,0,10.099999999999966,66792.59999999999
828,M,298.2,308.5,2678.0,10.7,86,1,0,1,0,10.300000000000011,28654.6
829,M,298.4,308.6,1527.0,40.9,96,0,0,0,0,10.200000000000045,62454.299999999996
830,M,298.4,308.5,1636.0,35.7,107,0,0,0,0,10.100000000000023,58405.200000000004
831,M,298.5,308.6,1344.0,53.0,114,0,0,0,0,10.100000000000023,71232.0
832,M,298.4,308.7,1421.0,60.7,119,1,0,1,0,10.300000000000011,86254.7
833,M,298.3,308.6,1589.0,37.1,137,0,0,0,0,10.300000000000011,58951.9
834,M,298.3,308.5,1434.0,46.2,148,0,0,0,0,10.199999999999989,66250.8
835,M,298.3,308.5,1629.0,37.1,170,0,0,0,0,10.199999999999989,60435.9
836,M,298.1,308.3,1680.0,33.7,185,0,0,0,0,10.199999999999989,56616.00000000001
837,M,298.0,308.1,1552.0,36.6,190,0,0,0,0,10.100000000000023,56803.200000000004
838,M,298.0,308.1,1339.0,51.6,197,0,0,0,0,10.100000000000023,69092.40000000001
839,M,298.0,308.2,1395.0,49.1,206,0,0,0,0,10.199999999999989,68494.5
840,M,297.9,308.1,1627.0,31.4,209,0,0,0,0,10.200000000000045,51087.799999999996
841,M,298.0,308.2,1466.0,42.6,2,0,0,0,0,10.199999999999989,62451.6
842,M,298.1,308.2,1420.0,63.9,19,1,0,1,0,10.099999999999966,90738.0
843,M,298.2,308.3,1522.0,49.1,22,0,0,0,0,10.100000000000023,74730.2
844,M,298.1,308.2,1736.0,26.8,27,0,0,0,0,10.099999999999966,46524.8
845,M,298.0,308.1,1587.0,32.3,30,0,0,0,0,10.100000000000023,51260.1
846,M,298.1,308.1,1452.0,40.8,56,0,0,0,0,10.0,59241.6
847,M,298.0,307.9,1750.0,26.6,67,0,0,0,0,9.899999999999977,46550.0
848,M,298.0,308.0,1620.0,29.4,75,0,0,0,0,10.0,47628.0
849,M,298.1,308.1,1456.0,43.7,80,0,0,0,0,10.0,63627.200000000004
850,M,298.1,308.1,1390.0,49.8,85,0,0,0,0,10.0,69222.0
851,M,298.1,308.5,1372.0,51.1,116,0,0,0,0,10.399999999999977,70109.2
852,M,298.1,308.6,1716.0,30.7,119,0,0,0,0,10.5,52681.2
853,M,297.8,308.3,1567.0,35.6,131,0,0,0,0,10.5,55785.200000000004
854,M,297.8,308.4,1479.0,43.5,143,0,0,0,0,10.599999999999966,64336.5
855,M,297.8,308.4,1579.0,36.6,152,0,0,0,0,10.599999999999966,57791.4
856,M,297.9,308.5,1449.0,40.8,157,0,0,0,0,10.600000000000023,59119.2
857,M,298.0,308.6,1453.0,44.1,165,0,0,0,0,10.600000000000023,64077.3
858,M,297.9,308.5,1300.0,53.0,172,0,0,0,0,10.600000000000023,68900.0
859,M,297.8,308.5,1488.0,41.9,196,0,0,0,0,10.699999999999989,62347.2
860,M,297.6,308.4,1398.0,41.9,215,0,0,0,0,10.799999999999955,58576.2
861,M,297.6,308.4,1391.0,51.9,218,0,0,0,0,10.799999999999955,72192.9
862,M,297.6,308.3,1538.0,40.2,0,0,0,0,0,10.699999999999989,61827.600000000006
863,M,297.5,308.1,1469.0,44.8,5,0,0,0,0,10.600000000000023,65811.2
864,M,297.6,308.2,1995.0,20.5,10,0,0,0,0,10.599999999999966,40897.5
865,M,297.5,308.2,1713.0,32.2,17,0,0,0,0,10.699999999999989,55158.600000000006
866,M,297.4,308.2,1530.0,32.6,22,0,0,0,0,10.800000000000011,49878.0
867,M,297.5,308.2,2448.0,13.8,29,0,0,0,0,10.699999999999989,33782.4
868,M,297.5,308.3,1459.0,45.2,34,0,0,0,0,10.800000000000011,65946.8
869,M,297.6,308.4,1611.0,31.0,48,0,0,0,0,10.799999999999955,49941.0
870,M,297.6,308.4,1507.0,46.0,51,0,0,0,0,10.799999999999955,69322.0
871,M,297.6,308.4,1398.0,48.9,63,0,0,0,0,10.799999999999955,68362.2
872,M,297.6,308.3,1467.0,36.7,68,0,0,0,0,10.699999999999989,53838.9
873,M,297.6,308.3,1567.0,34.6,71,0,0,0,0,10.699999999999989,54218.200000000004
874,M,297.5,308.3,1521.0,38.2,74,0,0,0,0,10.800000000000011,58102.200000000004
875,M,297.6,308.5,1552.0,40.9,90,0,0,0,0,10.899999999999977,63476.799999999996
876,M,297.6,308.4,1569.0,38.3,93,0,0,0,0,10.799999999999955,60092.7
877,M,297.5,,1622.0,37.2,103,0,0,0,0,,60338.4
878,M,297.4,308.3,1405.0,51.7,108,0,0,0,0,10.900000000000034,72638.5
879,M,297.4,308.2,1401.0,51.9,117,0,0,0,0,10.800000000000011,72711.9
880,M,297.4,308.2,1424.0,53.9,120,0,0,0,0,10.800000000000011,76753.59999999999
881,M,297.5,308.6,1842.0,27.0,133,0,0,0,0,11.100000000000023,49734.0
882,M,297.6,308.6,1414.0,45.4,138,0,0,0,0,11.0,64195.6
883,M,297.6,308.7,1408.0,54.8,147,0,0,0,0,11.099999999999966,77158.4
884,M,297.6,308.5,1490.0,43.4,154,0,0,0,0,10.899999999999977,64666.0
885,M,297.5,308.4,1350.0,52.2,157,0,0,0,0,10.899999999999977,70470.0
886,M,297.4,308.3,1774.0,28.9,166,0,0,0,0,10.900000000000034,51268.6
887,M,297.4,308.5,1600.0,42.1,190,0,0,0,0,11.100000000000023,67360.0
888,M,297.4,308.6,1434.0,44.4,193,0,0,0,0,11.200000000000045,63669.6
889,M,297.5,308.6,1472.0,44.9,198,0,0,0,0,11.100000000000023,66092.8
890,M,297.3,308.3,1501.0,38.2,2,0,0,0,0,11.0,57338.200000000004
891,M,297.3,308.3,1301.0,39.6,5,0,0,0,0,11.0,51519.6
892,M,297.3,308.3,1657.0,31.1,8,0,0,0,0,11.0,51532.700000000004
893,M,297.3,308.4,1665.0,28.9,17,0,0,0,0,11.099999999999966,48118.5
894,M,297.5,308.5,1496.0,42.2,22,0,0,0,0,11.0,63131.200000000004
895,M,297.6,308.6,1595.0,36.9,25,0,0,0,0,11.0,58855.5
896,M,297.6,308.5,1466.0,39.7,34,0,0,0,0,10.899999999999977,58200.200000000004
897,M,297.6,308.5,1848.0,23.7,37,0,0,0,0,10.899999999999977,43797.6
898,M,297.5,308.5,1484.0,44.7,40,0,0,0,0,11.0,66334.8
899,M,297.4,308.3,1535.0,34.6,51,0,0,0,0,10.900000000000034,53111.0
900,M,297.6,308.7,1376.0,59.9,74,0,0,0,0,11.099999999999966,82422.4
901,M,297.6,308.7,1419.0,41.7,81,0,0,0,0,11.099999999999966,59172.3
902,M,297.4,308.6,1643.0,31.0,89,0,0,0,0,11.200000000000045,50933.0
903,M,297.3,308.6,1456.0,42.9,122,0,0,0,0,11.300000000000011,62462.4
904,M,297.3,308.8,1586.0,32.7,131,0,0,0,0,11.5,51862.200000000004
905,M,297.4,309.0,1497.0,41.8,144,0,0,0,0,11.600000000000023,62574.6
906,M,297.4,309.0,1520.0,37.0,147,0,0,0,0,11.600000000000023,56240.0
907,M,297.4,308.9,1323.0,57.3,163,0,0,0,0,11.5,75807.9
908,M,297.3,309.0,1556.0,39.5,168,0,0,0,0,11.699999999999989,61462.0
909,M,297.4,309.0,1685.0,30.7,177,0,0,0,0,11.600000000000023,51729.5
910,M,297.4,309.1,1582.0,35.9,180,0,0,0,0,11.700000000000045,56793.799999999996
911,M,297.4,309.1,1463.0,35.0,183,0,0,0,0,11.700000000000045,51205.0
912,M,297.5,309.2,1347.0,55.8,188,0,0,0,0,11.699999999999989,75162.59999999999
913,M,,309.2,1530.0,40.0,206,0,0,0,0,,61200.0
914,M,297.5,309.2,1804.0,27.4,215,0,0,0,0,11.699999999999989,49429.6
915,M,297.6,309.3,1464.0,46.2,218,0,0,0,0,11.699999999999989,67636.8
916,M,297.6,309.2,1442.0,48.1,0,0,0,0,0,11.599999999999966,69360.2
917,M,297.6,309.3,1529.0,41.9,3,0,0,0,0,11.699999999999989,64065.1
918,M,297.6,309.3,1415.0,41.3,17,0,0,0,0,11.699999999999989,58439.49999999999
919,M,297.5,309.4,1391.0,58.2,34,0,0,0,0,11.899999999999977,80956.2
920,M,297.7,309.5,2027.0,19.8,39,0,0,0,0,11.800000000000011,40134.6
921,M,297.5,309.5,1448.0,43.7,46,0,0,0,0,12.0,63277.600000000006
922,M,297.6,309.6,1592.0,35.8,57,0,0,0,0,12.0,56993.6
923,M,297.5,309.5,1553.0,42.4,60,0,0,0,0,12.0,65847.2
924,M,297.6,309.5,1709.0,32.2,65,0,0,0,0,11.899999999999977,55029.8
925,M,297.4,309.3,1499.0,36.8,88,0,0,0,0,11.900000000000034,55163.2
926,M,297.4,309.3,1775.0,25.8,91,0,0,0,0,11.900000000000034,45795.0
927,M,297.5,309.4,1831.0,26.6,105,0,0,0,0,11.899999999999977,48704.600000000006
928,M,297.5,309.4,1482.0,39.3,112,0,0,0,0,11.899999999999977,58242.6
929,M,297.4,309.3,1622.0,35.0,123,0,0,0,0,11.900000000000034,56770.0
930,M,297.4,309.3,1564.0,36.0,126,0,0,0,0,11.900000000000034,56304.0
931,M,297.4,309.4,1539.0,42.2,134,0,0,0,0,12.0,64945.8
932,M,297.5,309.4,1433.0,48.3,139,0,0,0,0,11.899999999999977,69213.9
933,M,297.5,309.4,1678.0,34.4,148,0,0,0,0,11.899999999999977,57723.2
934,M,297.6,309.7,1541.0,33.7,165,0,0,0,0,12.099999999999966,51931.700000000004
935,M,297.7,309.7,1680.0,30.2,168,0,0,0,0,12.0,50736.0
936,M,297.7,309.6,1596.0,35.2,173,0,0,0,0,11.900000000000034,56179.200000000004
937,M,297.8,309.8,1676.0,29.0,178,0,0,0,0,12.0,48604.0
938,M,297.9,310.0,1439.0,41.7,185,0,0,0,0,12.100000000000023,60006.3
939,M,297.9,309.9,1410.0,55.4,188,0,0,0,0,12.0,78114.0
940,M,297.8,309.7,1700.0,31.3,200,0,0,0,0,11.899999999999977,53210.0
941,M,297.8,309.8,1798.0,25.5,203,0,0,0,0,12.0,45849.0
942,M,297.6,309.6,1330.0,53.1,7,0,0,0,0,12.0,70623.0
943,M,297.6,309.6,1530.0,37.3,10,0,0,0,0,12.0,57068.99999999999
944,M,297.9,309.8,1693.0,29.9,35,0,0,0,0,11.900000000000034,50620.7
945,M,298.0,309.9,1565.0,33.9,40,0,0,0,0,11.899999999999977,53053.5
946,M,298.0,309.9,1445.0,45.2,55,0,0,0,0,11.899999999999977,65314.00000000001
947,M,298.1,310.0,1393.0,43.1,65,0,0,0,0,11.899999999999977,60038.3
948,M,298.3,310.1,1389.0,49.6,75,0,0,0,0,11.800000000000011,68894.40000000001
949,M,298.4,310.2,1725.0,32.0,80,0,0,0,0,11.800000000000011,55200.0
950,M,298.4,310.1,1335.0,57.8,96,0,0,0,0,11.700000000000045,77163.0
951,M,297.9,309.6,1515.0,38.8,124,0,0,0,0,11.700000000000045,58781.99999999999
952,M,297.8,309.4,1226.0,58.7,129,0,0,0,0,11.599999999999966,71966.2
953,M,297.8,309.4,1495.0,36.5,132,0,0,0,0,11.599999999999966,54567.5
954,M,297.7,309.4,1461.0,43.7,142,0,0,0,0,11.699999999999989,63845.700000000004
955,M,297.7,309.2,1732.0,28.8,152,0,0,0,0,11.5,49881.6
956,M,297.7,309.1,1732.0,28.1,167,0,0,0,0,11.400000000000034,48669.200000000004
957,M,297.7,309.2,1700.0,27.4,176,0,0,0,0,11.5,46580.0
958,M,297.6,309.0,1427.0,45.6,179,0,0,0,0,11.399999999999977,65071.200000000004
959,M,297.6,308.9,1479.0,38.1,182,0,0,0,0,11.299999999999955,56349.9
960,M,297.6,308.9,1433.0,43.2,206,0,0,0,0,11.299999999999955,61905.600000000006
961,M,297.8,309.1,1424.0,45.5,2,0,0,0,0,11.300000000000011,64792.0
962,M,297.8,309.2,1295.0,61.2,12,0,0,0,0,11.399999999999977,79254.0
963,M,297.8,309.1,1432.0,42.6,17,0,0,0,0,11.300000000000011,61003.200000000004
964,M,297.7,309.0,1656.0,33.2,20,0,0,0,0,11.300000000000011,54979.200000000004
965,M,297.7,309.0,1636.0,29.7,32,0,0,0,0,11.300000000000011,48589.2
966,M,297.7,309.0,1504.0,40.4,35,0,0,0,0,11.300000000000011,60761.6
967,M,297.7,309.0,1531.0,42.4,38,0,0,0,0,11.300000000000011,64914.4
968,M,297.6,309.0,1815.0,25.3,66,0,0,0,0,11.399999999999977,45919.5
969,M,297.6,308.8,1453.0,39.7,69,0,0,0,0,11.199999999999989,57684.100000000006
970,M,297.6,308.8,1683.0,31.6,79,0,0,0,0,11.199999999999989,53182.8
971,M,297.7,308.9,1531.0,48.3,84,0,0,0,0,11.199999999999989,73947.3
972,M,297.8,309.0,1434.0,43.3,96,0,0,0,0,11.199999999999989,62092.2
973,M,297.6,308.8,1416.0,45.9,101,0,0,0,0,11.199999999999989,64994.4
974,M,297.6,308.8,1357.0,49.7,104,0,0,0,0,11.199999999999989,67442.90000000001
975,M,297.5,308.7,1697.0,28.1,107,0,0,0,0,11.199999999999989,47685.700000000004
976,M,297.4,308.9,1500.0,46.3,137,0,0,0,0,11.5,69450.0
977,M,297.4,308.8,1628.0,37.4,144,0,0,0,0,11.400000000000034,60887.2
978,M,297.4,308.7,1425.0,50.3,152,0,0,0,0,11.300000000000011,71677.5
979,M,297.3,308.6,1471.0,50.7,157,0,0,0,0,11.300000000000011,74579.7
980,M,297.3,308.6,1431.0,53.0,160,0,0,0,0,11.300000000000011,75843.0
981,M,297.1,308.4,1421.0,42.0,165,0,0,0,0,11.299999999999955,59682.0
982,M,296.9,308.4,1450.0,46.9,186,0,0,0,0,11.5,68005.0
983,M,296.8,308.1,1843.0,24.2,212,0,0,0,0,11.300000000000011,44600.6
984,M,296.9,308.1,1483.0,44.3,219,0,0,0,0,11.200000000000045,65696.9
985,M,296.7,307.8,1537.0,36.3,233,0,0,0,0,11.100000000000023,55793.1
986,M,296.7,307.8,1286.0,60.5,0,0,0,0,0,11.100000000000023,77803.0
987,M,296.9,308.0,1409.0,50.7,43,0,0,0,0,11.100000000000023,71436.3
988,M,296.9,308.0,1497.0,44.8,57,0,0,0,0,11.100000000000023,67065.59999999999
989,M,296.9,308.1,1440.0,46.3,64,0,0,0,0,11.200000000000045,66672.0
990,M,296.9,308.0,1641.0,33.3,67,0,0,0,0,11.100000000000023,54645.299999999996
991,M,296.8,307.9,1683.0,31.8,76,0,0,0,0,11.099999999999966,53519.4
992,M,296.9,307.9,2010.0,18.9,86,0,0,0,0,11.0,37989.0
993,M,296.9,307.8,1828.0,24.6,91,0,0,0,0,10.900000000000034,44968.8
994,M,297.0,307.8,1579.0,34.1,94,0,0,0,0,10.800000000000011,53843.9
995,M,297.0,307.9,1882.0,24.2,97,0,0,0,0,10.899999999999977,45544.4
996,M,296.9,307.8,1544.0,37.6,109,0,0,0,0,10.900000000000034,58054.4
997,M,297.0,307.9,1412.0,47.4,112,0,0,0,0,10.899999999999977,66928.8
998,M,297.0,307.9,1422.0,53.0,115,0,0,0,0,10.899999999999977,75366.0
999,M,296.8,307.5,1470.0,45.9,132,0,0,0,0,10.699999999999989,67473.0
1000,M,296.8,307.5,1516.0,36.7,135,0,0,0,0,10.699999999999989,55637.200000000004
1001,M,296.7,307.6,1547.0,34.7,150,0,0,0,0,10.900000000000034,53680.9
1002,M,296.6,307.5,1482.0,39.9,153,0,0,0,0,10.899999999999977,59131.799999999996
1003,M,296.6,307.4,1544.0,42.3,170,0,0,0,0,10.799999999999955,65311.2
1004,M,296.7,307.4,1533.0,32.5,182,0,0,0,0,10.699999999999989,49822.5
1005,M,296.5,307.4,1565.0,43.5,194,0,0,0,0,10.899999999999977,68077.5
1006,M,296.6,307.5,1566.0,35.0,201,0,0,0,0,10.899999999999977,54810.0
1007,M,296.4,307.4,1416.0,50.0,210,0,0,0,0,11.0,70800.0
1008,M,296.2,307.2,1389.0,48.6,7,0,0,0,0,11.0,67505.40000000001
1009,M,296.3,307.3,1368.0,49.5,10,0,0,0,0,11.0,67716.0
1010,M,296.3,307.3,1498.0,41.6,15,0,0,0,0,11.0,62316.8
1011,M,296.1,307.1,1350.0,53.3,22,0,0,0,0,11.0,71955.0
1012,M,296.2,307.0,1516.0,37.6,25,0,0,0,0,10.800000000000011,57001.6
1013,M,296.1,306.9,1951.0,23.3,38,0,0,0,0,10.799999999999955,45458.3
1014,M,296.0,306.7,2044.0,22.3,48,0,0,0,0,10.699999999999989,45581.200000000004
1015,M,295.8,306.5,1514.0,37.7,60,0,0,0,0,10.699999999999989,57077.8
1016,M,295.8,306.4,1335.0,51.7,69,0,0,0,0,10.599999999999966,69019.5
1017,M,295.8,306.3,1444.0,45.5,76,0,0,0,0,10.5,65702.0
1018,M,295.6,306.2,1584.0,33.6,81,0,0,0,0,10.599999999999966,53222.4
1019,M,295.7,306.3,1685.0,34.9,84,0,0,0,0,10.600000000000023,58806.5
1020,M,295.8,306.3,1235.0,76.2,89,1,0,1,0,10.5,94107.0
1021,M,295.7,306.2,1739.0,25.9,94,0,0,0,0,10.5,45040.1
1022,M,295.6,306.1,1651.0,28.1,110,0,0,0,0,10.5,46393.100000000006
1023,M,295.7,306.2,1423.0,42.5,121,0,0,0,0,10.5,60477.5
1024,M,295.6,306.2,1435.0,51.6,126,0,0,0,0,10.599999999999966,74046.0
1025,M,295.6,306.1,1462.0,49.2,158,0,0,0,0,10.5,71930.40000000001
1026,M,295.6,306.1,1669.0,29.0,161,0,0,0,0,10.5,48401.0
1027,M,295.5,306.1,1822.0,24.3,164,0,0,0,0,10.600000000000023,44274.6
1028,M,295.6,306.1,1490.0,42.7,171,0,0,0,0,10.5,63623.00000000001
1029,M,295.4,305.9,1518.0,40.6,178,0,0,0,0,10.5,61630.8
1030,M,295.4,305.8,1526.0,38.2,181,0,0,0,0,10.400000000000034,58293.200000000004
1031,M,295.3,305.8,1589.0,36.2,184,0,0,0,0,10.5,57521.8
1032,M,295.3,305.7,1473.0,38.5,189,0,0,0,0,10.399999999999977,56710.5
1033,M,295.5,305.9,1518.0,44.1,194,0,0,0,0,10.399999999999977,66943.8
1034,M,295.5,305.9,1380.0,52.4,202,0,0,0,0,10.399999999999977,72312.0
1035,M,295.5,306.0,1423.0,45.3,205,0,0,0,0,10.5,64461.899999999994
1036,M,295.5,305.9,1453.0,47.3,9,0,0,0,0,10.399999999999977,68726.9
1037,M,295.5,306.0,1326.0,50.8,18,0,0,0,0,10.5,67360.8
1038,M,295.5,306.0,1641.0,36.6,21,0,0,0,0,10.5,60060.600000000006
1039,M,295.6,306.1,1418.0,46.2,24,0,0,0,0,10.5,65511.600000000006
1040,M,295.7,306.3,1462.0,44.3,37,0,0,0,0,10.600000000000023,64766.6
1041,M,295.6,306.2,1477.0,45.0,40,0,0,0,0,10.599999999999966,66465.0
1042,M,295.7,306.3,1712.0,28.5,43,0,0,0,0,10.600000000000023,48792.0
1043,M,295.7,306.3,1347.0,50.4,46,0,0,0,0,10.600000000000023,67888.8
1044,M,295.6,306.3,1426.0,45.5,53,0,0,0,0,10.699999999999989,64883.0
1045,M,295.7,306.4,1387.0,40.1,81,0,0,0,0,10.699999999999989,55618.700000000004
1046,M,295.8,306.6,1480.0,43.2,92,0,0,0,0,10.800000000000011,63936.00000000001
1047,M,295.8,306.5,1641.0,32.2,101,0,0,0,0,10.699999999999989,52840.200000000004
1048,M,295.9,306.6,1532.0,38.6,104,0,0,0,0,10.700000000000045,59135.200000000004
1049,M,296.0,306.6,1628.0,36.8,121,0,0,0,0,10.600000000000023,59910.399999999994
1050,M,296.0,306.6,1392.0,51.3,124,0,0,0,0,10.600000000000023,71409.59999999999
1051,M,296.2,306.8,1526.0,42.3,129,0,0,0,0,10.600000000000023,64549.799999999996
1052,M,296.3,307.1,1534.0,33.8,151,0,0,0,0,10.800000000000011,51849.2
1053,M,296.2,307.0,2119.0,18.3,159,0,0,0,0,10.800000000000011,38777.700000000004
1054,M,296.1,307.0,1523.0,42.0,164,0,0,0,0,10.899999999999977,63966.0
1055,M,296.1,307.1,1485.0,36.0,169,0,0,0,0,11.0,53460.0
1056,M,296.2,307.2,1168.0,63.4,172,0,0,0,0,11.0,74051.2
1057,M,296.3,307.2,1286.0,51.1,177,0,0,0,0,10.899999999999977,65714.6
1058,M,296.3,307.2,1446.0,45.9,180,0,0,0,0,10.899999999999977,66371.4
1059,M,296.4,307.2,2071.0,19.4,183,0,0,0,0,10.800000000000011,40177.399999999994
1060,M,296.2,307.2,1633.0,31.1,0,0,0,0,0,11.0,50786.3
1061,M,296.2,307.2,1385.0,44.0,5,0,0,0,0,11.0,60940.0
1062,M,296.2,307.2,1552.0,34.8,8,0,0,0,0,11.0,54009.6
1063,M,296.2,307.3,1451.0,42.8,11,0,0,0,0,11.100000000000023,62102.799999999996
1064,M,296.1,307.1,1433.0,38.5,14,0,0,0,0,11.0,55170.5
1065,M,296.1,307.2,1619.0,29.7,17,0,0,0,0,11.099999999999966,48084.299999999996
1066,M,296.3,307.2,1319.0,68.3,24,1,0,1,0,10.899999999999977,90087.7
1067,M,296.3,307.2,1454.0,42.5,35,0,0,0,0,10.899999999999977,61795.0
1068,M,296.3,307.4,1335.0,50.5,48,0,0,0,0,11.099999999999966,67417.5
1069,M,296.2,307.3,1477.0,35.2,53,0,0,0,0,11.100000000000023,51990.4
1070,M,296.3,307.4,1958.0,19.1,67,0,0,0,0,11.099999999999966,37397.8
1071,M,296.4,307.5,1684.0,31.4,72,0,0,0,0,11.100000000000023,52877.6
1072,M,296.6,307.7,1474.0,52.6,101,0,0,0,0,11.099999999999966,77532.40000000001
1073,M,296.7,307.7,1597.0,32.1,114,0,0,0,0,11.0,51263.700000000004
1074,M,296.7,307.9,1874.0,21.3,130,0,0,0,0,11.199999999999989,39916.200000000004
1075,M,296.8,307.8,1664.0,32.8,142,0,0,0,0,11.0,54579.2
1076,M,296.8,307.9,1409.0,44.3,145,0,0,0,0,11.099999999999966,62418.7
1077,M,296.9,307.8,1544.0,40.3,150,0,0,0,0,10.900000000000034,62223.2
1078,M,296.9,307.8,1840.0,24.6,157,0,0,0,0,10.900000000000034,45264.0
1079,M,296.9,,1477.0,37.2,160,0,0,0,0,,54944.4
1080,M,297.0,307.9,1414.0,46.2,165,0,0,0,0,10.899999999999977,65326.8
